"columnDiameterM","compartmentHeightM","hcToColumn","rotorDiameterM","rotorToColumn","freeArea","runs","longestWindow","rejectionReasons"
"0.2","0.04000000000000001","0.2","0.066","0.33","0.2","[]","","{""NO_DILUTE_CONNECTED_ROOT"":35,""ACTUAL_LOADING_EXCEEDS_DESIGN_FLOOD_FRACTION"":35}"
"0.2","0.04000000000000001","0.2","0.066","0.33","0.3","[]","","{""NO_DILUTE_CONNECTED_ROOT"":35,""ACTUAL_LOADING_EXCEEDS_DESIGN_FLOOD_FRACTION"":35}"
"0.2","0.04000000000000001","0.2","0.066","0.33","0.4","[]","","{""NO_DILUTE_CONNECTED_ROOT"":35,""ACTUAL_LOADING_EXCEEDS_DESIGN_FLOOD_FRACTION"":35}"
"0.2","0.04000000000000001","0.2","0.08000000000000002","0.4","0.2","[]","","{""NO_DILUTE_CONNECTED_ROOT"":35,""ACTUAL_LOADING_EXCEEDS_DESIGN_FLOOD_FRACTION"":35}"
"0.2","0.04000000000000001","0.2","0.08000000000000002","0.4","0.3","[]","","{""NO_DILUTE_CONNECTED_ROOT"":35,""ACTUAL_LOADING_EXCEEDS_DESIGN_FLOOD_FRACTION"":35}"
"0.2","0.04000000000000001","0.2","0.08000000000000002","0.4","0.4","[]","","{""NO_DILUTE_CONNECTED_ROOT"":35,""ACTUAL_LOADING_EXCEEDS_DESIGN_FLOOD_FRACTION"":35}"
"0.2","0.04000000000000001","0.2","0.1","0.5","0.2","[]","","{""NO_DILUTE_CONNECTED_ROOT"":35,""ACTUAL_LOADING_EXCEEDS_DESIGN_FLOOD_FRACTION"":35}"
"0.2","0.04000000000000001","0.2","0.1","0.5","0.3","[]","","{""NO_DILUTE_CONNECTED_ROOT"":35,""ACTUAL_LOADING_EXCEEDS_DESIGN_FLOOD_FRACTION"":35}"
"0.2","0.04000000000000001","0.2","0.1","0.5","0.4","[]","","{""NO_DILUTE_CONNECTED_ROOT"":35,""ACTUAL_LOADING_EXCEEDS_DESIGN_FLOOD_FRACTION"":35}"
"0.2","0.05","0.25","0.066","0.33","0.2","[]","","{""NO_DILUTE_CONNECTED_ROOT"":35,""ACTUAL_LOADING_EXCEEDS_DESIGN_FLOOD_FRACTION"":35}"
"0.2","0.05","0.25","0.066","0.33","0.3","[]","","{""NO_DILUTE_CONNECTED_ROOT"":35,""ACTUAL_LOADING_EXCEEDS_DESIGN_FLOOD_FRACTION"":35}"
"0.2","0.05","0.25","0.066","0.33","0.4","[]","","{""NO_DILUTE_CONNECTED_ROOT"":35,""ACTUAL_LOADING_EXCEEDS_DESIGN_FLOOD_FRACTION"":35}"
"0.2","0.05","0.25","0.08000000000000002","0.4","0.2","[]","","{""NO_DILUTE_CONNECTED_ROOT"":35,""ACTUAL_LOADING_EXCEEDS_DESIGN_FLOOD_FRACTION"":35}"
"0.2","0.05","0.25","0.08000000000000002","0.4","0.3","[]","","{""NO_DILUTE_CONNECTED_ROOT"":35,""ACTUAL_LOADING_EXCEEDS_DESIGN_FLOOD_FRACTION"":35}"
"0.2","0.05","0.25","0.08000000000000002","0.4","0.4","[]","","{""NO_DILUTE_CONNECTED_ROOT"":35,""ACTUAL_LOADING_EXCEEDS_DESIGN_FLOOD_FRACTION"":35}"
"0.2","0.05","0.25","0.1","0.5","0.2","[]","","{""NO_DILUTE_CONNECTED_ROOT"":35,""ACTUAL_LOADING_EXCEEDS_DESIGN_FLOOD_FRACTION"":35}"
"0.2","0.05","0.25","0.1","0.5","0.3","[]","","{""NO_DILUTE_CONNECTED_ROOT"":35,""ACTUAL_LOADING_EXCEEDS_DESIGN_FLOOD_FRACTION"":35}"
"0.2","0.05","0.25","0.1","0.5","0.4","[]","","{""NO_DILUTE_CONNECTED_ROOT"":35,""ACTUAL_LOADING_EXCEEDS_DESIGN_FLOOD_FRACTION"":35}"
"0.2","0.06","0.3","0.066","0.33","0.2","[]","","{""NO_DILUTE_CONNECTED_ROOT"":35,""ACTUAL_LOADING_EXCEEDS_DESIGN_FLOOD_FRACTION"":35}"
"0.2","0.06","0.3","0.066","0.33","0.3","[]","","{""NO_DILUTE_CONNECTED_ROOT"":35,""ACTUAL_LOADING_EXCEEDS_DESIGN_FLOOD_FRACTION"":35}"
"0.2","0.06","0.3","0.066","0.33","0.4","[]","","{""NO_DILUTE_CONNECTED_ROOT"":35,""ACTUAL_LOADING_EXCEEDS_DESIGN_FLOOD_FRACTION"":35}"
"0.2","0.06","0.3","0.08000000000000002","0.4","0.2","[]","","{""NO_DILUTE_CONNECTED_ROOT"":35,""ACTUAL_LOADING_EXCEEDS_DESIGN_FLOOD_FRACTION"":35}"
"0.2","0.06","0.3","0.08000000000000002","0.4","0.3","[]","","{""NO_DILUTE_CONNECTED_ROOT"":35,""ACTUAL_LOADING_EXCEEDS_DESIGN_FLOOD_FRACTION"":35}"
"0.2","0.06","0.3","0.08000000000000002","0.4","0.4","[]","","{""NO_DILUTE_CONNECTED_ROOT"":35,""ACTUAL_LOADING_EXCEEDS_DESIGN_FLOOD_FRACTION"":35}"
"0.2","0.06","0.3","0.1","0.5","0.2","[]","","{""NO_DILUTE_CONNECTED_ROOT"":35,""ACTUAL_LOADING_EXCEEDS_DESIGN_FLOOD_FRACTION"":35}"
"0.2","0.06","0.3","0.1","0.5","0.3","[]","","{""NO_DILUTE_CONNECTED_ROOT"":35,""ACTUAL_LOADING_EXCEEDS_DESIGN_FLOOD_FRACTION"":35}"
"0.2","0.06","0.3","0.1","0.5","0.4","[]","","{""NO_DILUTE_CONNECTED_ROOT"":35,""ACTUAL_LOADING_EXCEEDS_DESIGN_FLOOD_FRACTION"":35}"
"0.3","0.06","0.2","0.099","0.33","0.2","[]","","{""NO_DILUTE_CONNECTED_ROOT"":35,""ACTUAL_LOADING_EXCEEDS_DESIGN_FLOOD_FRACTION"":35}"
"0.3","0.06","0.2","0.099","0.33","0.3","[]","","{""ACTUAL_LOADING_EXCEEDS_DESIGN_FLOOD_FRACTION"":35,""NO_DILUTE_CONNECTED_ROOT"":34}"
"0.3","0.06","0.2","0.099","0.33","0.4","[]","","{""ACTUAL_LOADING_EXCEEDS_DESIGN_FLOOD_FRACTION"":35,""NO_DILUTE_CONNECTED_ROOT"":34}"
"0.3","0.06","0.2","0.12","0.4","0.2","[]","","{""NO_DILUTE_CONNECTED_ROOT"":35,""ACTUAL_LOADING_EXCEEDS_DESIGN_FLOOD_FRACTION"":35}"
"0.3","0.06","0.2","0.12","0.4","0.3","[]","","{""NO_DILUTE_CONNECTED_ROOT"":35,""ACTUAL_LOADING_EXCEEDS_DESIGN_FLOOD_FRACTION"":35}"
"0.3","0.06","0.2","0.12","0.4","0.4","[]","","{""NO_DILUTE_CONNECTED_ROOT"":35,""ACTUAL_LOADING_EXCEEDS_DESIGN_FLOOD_FRACTION"":35}"
"0.3","0.06","0.2","0.15","0.5","0.2","[]","","{""NO_DILUTE_CONNECTED_ROOT"":35,""ACTUAL_LOADING_EXCEEDS_DESIGN_FLOOD_FRACTION"":35}"
"0.3","0.06","0.2","0.15","0.5","0.3","[]","","{""NO_DILUTE_CONNECTED_ROOT"":35,""ACTUAL_LOADING_EXCEEDS_DESIGN_FLOOD_FRACTION"":35}"
"0.3","0.06","0.2","0.15","0.5","0.4","[]","","{""NO_DILUTE_CONNECTED_ROOT"":35,""ACTUAL_LOADING_EXCEEDS_DESIGN_FLOOD_FRACTION"":35}"
"0.3","0.075","0.25","0.099","0.33","0.2","[]","","{""ACTUAL_LOADING_EXCEEDS_DESIGN_FLOOD_FRACTION"":35,""NO_DILUTE_CONNECTED_ROOT"":34}"
"0.3","0.075","0.25","0.099","0.33","0.3","[]","","{""ACTUAL_LOADING_EXCEEDS_DESIGN_FLOOD_FRACTION"":35,""NO_DILUTE_CONNECTED_ROOT"":34}"
"0.3","0.075","0.25","0.099","0.33","0.4","[]","","{""ACTUAL_LOADING_EXCEEDS_DESIGN_FLOOD_FRACTION"":35,""NO_DILUTE_CONNECTED_ROOT"":33}"
"0.3","0.075","0.25","0.12","0.4","0.2","[]","","{""NO_DILUTE_CONNECTED_ROOT"":35,""ACTUAL_LOADING_EXCEEDS_DESIGN_FLOOD_FRACTION"":35}"
"0.3","0.075","0.25","0.12","0.4","0.3","[]","","{""NO_DILUTE_CONNECTED_ROOT"":35,""ACTUAL_LOADING_EXCEEDS_DESIGN_FLOOD_FRACTION"":35}"
"0.3","0.075","0.25","0.12","0.4","0.4","[]","","{""NO_DILUTE_CONNECTED_ROOT"":35,""ACTUAL_LOADING_EXCEEDS_DESIGN_FLOOD_FRACTION"":35}"
"0.3","0.075","0.25","0.15","0.5","0.2","[]","","{""NO_DILUTE_CONNECTED_ROOT"":35,""ACTUAL_LOADING_EXCEEDS_DESIGN_FLOOD_FRACTION"":35}"
"0.3","0.075","0.25","0.15","0.5","0.3","[]","","{""NO_DILUTE_CONNECTED_ROOT"":35,""ACTUAL_LOADING_EXCEEDS_DESIGN_FLOOD_FRACTION"":35}"
"0.3","0.075","0.25","0.15","0.5","0.4","[]","","{""NO_DILUTE_CONNECTED_ROOT"":35,""ACTUAL_LOADING_EXCEEDS_DESIGN_FLOOD_FRACTION"":35}"
"0.3","0.09","0.3","0.099","0.33","0.2","[]","","{""ACTUAL_LOADING_EXCEEDS_DESIGN_FLOOD_FRACTION"":35,""NO_DILUTE_CONNECTED_ROOT"":34}"
"0.3","0.09","0.3","0.099","0.33","0.3","[]","","{""ACTUAL_LOADING_EXCEEDS_DESIGN_FLOOD_FRACTION"":35,""NO_DILUTE_CONNECTED_ROOT"":34}"
"0.3","0.09","0.3","0.099","0.33","0.4","[[30]]","{""rpmMin"":30,""rpmMax"":30,""widthRpm"":0,""validTrialCount"":1,""edgeMarginRpm"":0}","{""ACTUAL_LOADING_EXCEEDS_DESIGN_FLOOD_FRACTION"":34,""NO_DILUTE_CONNECTED_ROOT"":33}"
"0.3","0.09","0.3","0.12","0.4","0.2","[]","","{""NO_DILUTE_CONNECTED_ROOT"":35,""ACTUAL_LOADING_EXCEEDS_DESIGN_FLOOD_FRACTION"":35}"
"0.3","0.09","0.3","0.12","0.4","0.3","[]","","{""NO_DILUTE_CONNECTED_ROOT"":35,""ACTUAL_LOADING_EXCEEDS_DESIGN_FLOOD_FRACTION"":35}"
"0.3","0.09","0.3","0.12","0.4","0.4","[]","","{""NO_DILUTE_CONNECTED_ROOT"":35,""ACTUAL_LOADING_EXCEEDS_DESIGN_FLOOD_FRACTION"":35}"
"0.3","0.09","0.3","0.15","0.5","0.2","[]","","{""NO_DILUTE_CONNECTED_ROOT"":35,""ACTUAL_LOADING_EXCEEDS_DESIGN_FLOOD_FRACTION"":35}"
"0.3","0.09","0.3","0.15","0.5","0.3","[]","","{""NO_DILUTE_CONNECTED_ROOT"":35,""ACTUAL_LOADING_EXCEEDS_DESIGN_FLOOD_FRACTION"":35}"
"0.3","0.09","0.3","0.15","0.5","0.4","[]","","{""NO_DILUTE_CONNECTED_ROOT"":35,""ACTUAL_LOADING_EXCEEDS_DESIGN_FLOOD_FRACTION"":35}"
"0.4","0.08000000000000002","0.2","0.132","0.33","0.2","[]","","{""ACTUAL_LOADING_EXCEEDS_DESIGN_FLOOD_FRACTION"":35,""NO_DILUTE_CONNECTED_ROOT"":34}"
"0.4","0.08000000000000002","0.2","0.132","0.33","0.3","[]","","{""ACTUAL_LOADING_EXCEEDS_DESIGN_FLOOD_FRACTION"":35,""NO_DILUTE_CONNECTED_ROOT"":34}"
"0.4","0.08000000000000002","0.2","0.132","0.33","0.4","[[30]]","{""rpmMin"":30,""rpmMax"":30,""widthRpm"":0,""validTrialCount"":1,""edgeMarginRpm"":0}","{""ACTUAL_LOADING_EXCEEDS_DESIGN_FLOOD_FRACTION"":34,""NO_DILUTE_CONNECTED_ROOT"":33}"
"0.4","0.08000000000000002","0.2","0.16000000000000003","0.4","0.2","[]","","{""NO_DILUTE_CONNECTED_ROOT"":35,""ACTUAL_LOADING_EXCEEDS_DESIGN_FLOOD_FRACTION"":35}"
"0.4","0.08000000000000002","0.2","0.16000000000000003","0.4","0.3","[]","","{""NO_DILUTE_CONNECTED_ROOT"":35,""ACTUAL_LOADING_EXCEEDS_DESIGN_FLOOD_FRACTION"":35}"
"0.4","0.08000000000000002","0.2","0.16000000000000003","0.4","0.4","[]","","{""NO_DILUTE_CONNECTED_ROOT"":35,""ACTUAL_LOADING_EXCEEDS_DESIGN_FLOOD_FRACTION"":35}"
"0.4","0.08000000000000002","0.2","0.2","0.5","0.2","[]","","{""NO_DILUTE_CONNECTED_ROOT"":35,""ACTUAL_LOADING_EXCEEDS_DESIGN_FLOOD_FRACTION"":35}"
"0.4","0.08000000000000002","0.2","0.2","0.5","0.3","[]","","{""NO_DILUTE_CONNECTED_ROOT"":35,""ACTUAL_LOADING_EXCEEDS_DESIGN_FLOOD_FRACTION"":35}"
"0.4","0.08000000000000002","0.2","0.2","0.5","0.4","[]","","{""NO_DILUTE_CONNECTED_ROOT"":35,""ACTUAL_LOADING_EXCEEDS_DESIGN_FLOOD_FRACTION"":35}"
"0.4","0.1","0.25","0.132","0.33","0.2","[]","","{""ACTUAL_LOADING_EXCEEDS_DESIGN_FLOOD_FRACTION"":35,""NO_DILUTE_CONNECTED_ROOT"":34}"
"0.4","0.1","0.25","0.132","0.33","0.3","[[30]]","{""rpmMin"":30,""rpmMax"":30,""widthRpm"":0,""validTrialCount"":1,""edgeMarginRpm"":0}","{""ACTUAL_LOADING_EXCEEDS_DESIGN_FLOOD_FRACTION"":34,""NO_DILUTE_CONNECTED_ROOT"":33}"
"0.4","0.1","0.25","0.132","0.33","0.4","[[30]]","{""rpmMin"":30,""rpmMax"":30,""widthRpm"":0,""validTrialCount"":1,""edgeMarginRpm"":0}","{""ACTUAL_LOADING_EXCEEDS_DESIGN_FLOOD_FRACTION"":34,""NO_DILUTE_CONNECTED_ROOT"":33}"
"0.4","0.1","0.25","0.16000000000000003","0.4","0.2","[]","","{""NO_DILUTE_CONNECTED_ROOT"":35,""ACTUAL_LOADING_EXCEEDS_DESIGN_FLOOD_FRACTION"":35}"
"0.4","0.1","0.25","0.16000000000000003","0.4","0.3","[]","","{""NO_DILUTE_CONNECTED_ROOT"":35,""ACTUAL_LOADING_EXCEEDS_DESIGN_FLOOD_FRACTION"":35}"
"0.4","0.1","0.25","0.16000000000000003","0.4","0.4","[]","","{""NO_DILUTE_CONNECTED_ROOT"":35,""ACTUAL_LOADING_EXCEEDS_DESIGN_FLOOD_FRACTION"":35}"
"0.4","0.1","0.25","0.2","0.5","0.2","[]","","{""NO_DILUTE_CONNECTED_ROOT"":35,""ACTUAL_LOADING_EXCEEDS_DESIGN_FLOOD_FRACTION"":35}"
"0.4","0.1","0.25","0.2","0.5","0.3","[]","","{""NO_DILUTE_CONNECTED_ROOT"":35,""ACTUAL_LOADING_EXCEEDS_DESIGN_FLOOD_FRACTION"":35}"
"0.4","0.1","0.25","0.2","0.5","0.4","[]","","{""NO_DILUTE_CONNECTED_ROOT"":35,""ACTUAL_LOADING_EXCEEDS_DESIGN_FLOOD_FRACTION"":35}"
"0.4","0.12","0.3","0.132","0.33","0.2","[]","","{""ACTUAL_LOADING_EXCEEDS_DESIGN_FLOOD_FRACTION"":35,""NO_DILUTE_CONNECTED_ROOT"":33}"
"0.4","0.12","0.3","0.132","0.33","0.3","[[30]]","{""rpmMin"":30,""rpmMax"":30,""widthRpm"":0,""validTrialCount"":1,""edgeMarginRpm"":0}","{""ACTUAL_LOADING_EXCEEDS_DESIGN_FLOOD_FRACTION"":34,""NO_DILUTE_CONNECTED_ROOT"":33}"
"0.4","0.12","0.3","0.132","0.33","0.4","[[30]]","{""rpmMin"":30,""rpmMax"":30,""widthRpm"":0,""validTrialCount"":1,""edgeMarginRpm"":0}","{""ACTUAL_LOADING_EXCEEDS_DESIGN_FLOOD_FRACTION"":34,""NO_DILUTE_CONNECTED_ROOT"":32}"
"0.4","0.12","0.3","0.16000000000000003","0.4","0.2","[]","","{""NO_DILUTE_CONNECTED_ROOT"":35,""ACTUAL_LOADING_EXCEEDS_DESIGN_FLOOD_FRACTION"":35}"
"0.4","0.12","0.3","0.16000000000000003","0.4","0.3","[]","","{""NO_DILUTE_CONNECTED_ROOT"":35,""ACTUAL_LOADING_EXCEEDS_DESIGN_FLOOD_FRACTION"":35}"
"0.4","0.12","0.3","0.16000000000000003","0.4","0.4","[]","","{""ACTUAL_LOADING_EXCEEDS_DESIGN_FLOOD_FRACTION"":35,""NO_DILUTE_CONNECTED_ROOT"":34}"
"0.4","0.12","0.3","0.2","0.5","0.2","[]","","{""NO_DILUTE_CONNECTED_ROOT"":35,""ACTUAL_LOADING_EXCEEDS_DESIGN_FLOOD_FRACTION"":35}"
"0.4","0.12","0.3","0.2","0.5","0.3","[]","","{""NO_DILUTE_CONNECTED_ROOT"":35,""ACTUAL_LOADING_EXCEEDS_DESIGN_FLOOD_FRACTION"":35}"
"0.4","0.12","0.3","0.2","0.5","0.4","[]","","{""NO_DILUTE_CONNECTED_ROOT"":35,""ACTUAL_LOADING_EXCEEDS_DESIGN_FLOOD_FRACTION"":35}"
"0.5","0.1","0.2","0.165","0.33","0.2","[]","","{""ACTUAL_LOADING_EXCEEDS_DESIGN_FLOOD_FRACTION"":35,""NO_DILUTE_CONNECTED_ROOT"":34}"
"0.5","0.1","0.2","0.165","0.33","0.3","[[30]]","{""rpmMin"":30,""rpmMax"":30,""widthRpm"":0,""validTrialCount"":1,""edgeMarginRpm"":0}","{""ACTUAL_LOADING_EXCEEDS_DESIGN_FLOOD_FRACTION"":34,""NO_DILUTE_CONNECTED_ROOT"":33}"
"0.5","0.1","0.2","0.165","0.33","0.4","[[30]]","{""rpmMin"":30,""rpmMax"":30,""widthRpm"":0,""validTrialCount"":1,""edgeMarginRpm"":0}","{""ACTUAL_LOADING_EXCEEDS_DESIGN_FLOOD_FRACTION"":34,""NO_DILUTE_CONNECTED_ROOT"":33}"
"0.5","0.1","0.2","0.2","0.4","0.2","[]","","{""NO_DILUTE_CONNECTED_ROOT"":35,""ACTUAL_LOADING_EXCEEDS_DESIGN_FLOOD_FRACTION"":35}"
"0.5","0.1","0.2","0.2","0.4","0.3","[]","","{""NO_DILUTE_CONNECTED_ROOT"":35,""ACTUAL_LOADING_EXCEEDS_DESIGN_FLOOD_FRACTION"":35}"
"0.5","0.1","0.2","0.2","0.4","0.4","[]","","{""NO_DILUTE_CONNECTED_ROOT"":35,""ACTUAL_LOADING_EXCEEDS_DESIGN_FLOOD_FRACTION"":35}"
"0.5","0.1","0.2","0.25","0.5","0.2","[]","","{""NO_DILUTE_CONNECTED_ROOT"":35,""ACTUAL_LOADING_EXCEEDS_DESIGN_FLOOD_FRACTION"":35}"
"0.5","0.1","0.2","0.25","0.5","0.3","[]","","{""NO_DILUTE_CONNECTED_ROOT"":35,""ACTUAL_LOADING_EXCEEDS_DESIGN_FLOOD_FRACTION"":35}"
"0.5","0.1","0.2","0.25","0.5","0.4","[]","","{""NO_DILUTE_CONNECTED_ROOT"":35,""ACTUAL_LOADING_EXCEEDS_DESIGN_FLOOD_FRACTION"":35}"
"0.5","0.125","0.25","0.165","0.33","0.2","[[30]]","{""rpmMin"":30,""rpmMax"":30,""widthRpm"":0,""validTrialCount"":1,""edgeMarginRpm"":0}","{""ACTUAL_LOADING_EXCEEDS_DESIGN_FLOOD_FRACTION"":34,""NO_DILUTE_CONNECTED_ROOT"":33}"
"0.5","0.125","0.25","0.165","0.33","0.3","[[30]]","{""rpmMin"":30,""rpmMax"":30,""widthRpm"":0,""validTrialCount"":1,""edgeMarginRpm"":0}","{""ACTUAL_LOADING_EXCEEDS_DESIGN_FLOOD_FRACTION"":34,""NO_DILUTE_CONNECTED_ROOT"":33}"
"0.5","0.125","0.25","0.165","0.33","0.4","[[30,35]]","{""rpmMin"":30,""rpmMax"":35,""widthRpm"":5,""validTrialCount"":2,""edgeMarginRpm"":0}","{""ACTUAL_LOADING_EXCEEDS_DESIGN_FLOOD_FRACTION"":33,""NO_DILUTE_CONNECTED_ROOT"":32}"
"0.5","0.125","0.25","0.2","0.4","0.2","[]","","{""NO_DILUTE_CONNECTED_ROOT"":35,""ACTUAL_LOADING_EXCEEDS_DESIGN_FLOOD_FRACTION"":35}"
"0.5","0.125","0.25","0.2","0.4","0.3","[]","","{""NO_DILUTE_CONNECTED_ROOT"":35,""ACTUAL_LOADING_EXCEEDS_DESIGN_FLOOD_FRACTION"":35}"
"0.5","0.125","0.25","0.2","0.4","0.4","[]","","{""NO_DILUTE_CONNECTED_ROOT"":35,""ACTUAL_LOADING_EXCEEDS_DESIGN_FLOOD_FRACTION"":35}"
"0.5","0.125","0.25","0.25","0.5","0.2","[]","","{""NO_DILUTE_CONNECTED_ROOT"":35,""ACTUAL_LOADING_EXCEEDS_DESIGN_FLOOD_FRACTION"":35}"
"0.5","0.125","0.25","0.25","0.5","0.3","[]","","{""NO_DILUTE_CONNECTED_ROOT"":35,""ACTUAL_LOADING_EXCEEDS_DESIGN_FLOOD_FRACTION"":35}"
"0.5","0.125","0.25","0.25","0.5","0.4","[]","","{""NO_DILUTE_CONNECTED_ROOT"":35,""ACTUAL_LOADING_EXCEEDS_DESIGN_FLOOD_FRACTION"":35}"
"0.5","0.15","0.3","0.165","0.33","0.2","[[30]]","{""rpmMin"":30,""rpmMax"":30,""widthRpm"":0,""validTrialCount"":1,""edgeMarginRpm"":0}","{""ACTUAL_LOADING_EXCEEDS_DESIGN_FLOOD_FRACTION"":34,""NO_DILUTE_CONNECTED_ROOT"":33}"
"0.5","0.15","0.3","0.165","0.33","0.3","[[30]]","{""rpmMin"":30,""rpmMax"":30,""widthRpm"":0,""validTrialCount"":1,""edgeMarginRpm"":0}","{""ACTUAL_LOADING_EXCEEDS_DESIGN_FLOOD_FRACTION"":34,""NO_DILUTE_CONNECTED_ROOT"":32}"
"0.5","0.15","0.3","0.165","0.33","0.4","[[30,35]]","{""rpmMin"":30,""rpmMax"":35,""widthRpm"":5,""validTrialCount"":2,""edgeMarginRpm"":0}","{""ACTUAL_LOADING_EXCEEDS_DESIGN_FLOOD_FRACTION"":33,""NO_DILUTE_CONNECTED_ROOT"":32}"
"0.5","0.15","0.3","0.2","0.4","0.2","[]","","{""NO_DILUTE_CONNECTED_ROOT"":35,""ACTUAL_LOADING_EXCEEDS_DESIGN_FLOOD_FRACTION"":35}"
"0.5","0.15","0.3","0.2","0.4","0.3","[]","","{""NO_DILUTE_CONNECTED_ROOT"":35,""ACTUAL_LOADING_EXCEEDS_DESIGN_FLOOD_FRACTION"":35}"
"0.5","0.15","0.3","0.2","0.4","0.4","[]","","{""ACTUAL_LOADING_EXCEEDS_DESIGN_FLOOD_FRACTION"":35,""NO_DILUTE_CONNECTED_ROOT"":34}"
"0.5","0.15","0.3","0.25","0.5","0.2","[]","","{""NO_DILUTE_CONNECTED_ROOT"":35,""ACTUAL_LOADING_EXCEEDS_DESIGN_FLOOD_FRACTION"":35}"
"0.5","0.15","0.3","0.25","0.5","0.3","[]","","{""NO_DILUTE_CONNECTED_ROOT"":35,""ACTUAL_LOADING_EXCEEDS_DESIGN_FLOOD_FRACTION"":35}"
"0.5","0.15","0.3","0.25","0.5","0.4","[]","","{""NO_DILUTE_CONNECTED_ROOT"":35,""ACTUAL_LOADING_EXCEEDS_DESIGN_FLOOD_FRACTION"":35}"
"0.6","0.12","0.2","0.198","0.33","0.2","[]","","{""ACTUAL_LOADING_EXCEEDS_DESIGN_FLOOD_FRACTION"":35,""NO_DILUTE_CONNECTED_ROOT"":34}"
"0.6","0.12","0.2","0.198","0.33","0.3","[[30]]","{""rpmMin"":30,""rpmMax"":30,""widthRpm"":0,""validTrialCount"":1,""edgeMarginRpm"":0}","{""ACTUAL_LOADING_EXCEEDS_DESIGN_FLOOD_FRACTION"":34,""NO_DILUTE_CONNECTED_ROOT"":33}"
"0.6","0.12","0.2","0.198","0.33","0.4","[[30]]","{""rpmMin"":30,""rpmMax"":30,""widthRpm"":0,""validTrialCount"":1,""edgeMarginRpm"":0}","{""ACTUAL_LOADING_EXCEEDS_DESIGN_FLOOD_FRACTION"":34,""NO_DILUTE_CONNECTED_ROOT"":33}"
"0.6","0.12","0.2","0.24","0.4","0.2","[]","","{""NO_DILUTE_CONNECTED_ROOT"":35,""ACTUAL_LOADING_EXCEEDS_DESIGN_FLOOD_FRACTION"":35}"
"0.6","0.12","0.2","0.24","0.4","0.3","[]","","{""NO_DILUTE_CONNECTED_ROOT"":35,""ACTUAL_LOADING_EXCEEDS_DESIGN_FLOOD_FRACTION"":35}"
"0.6","0.12","0.2","0.24","0.4","0.4","[]","","{""NO_DILUTE_CONNECTED_ROOT"":35,""ACTUAL_LOADING_EXCEEDS_DESIGN_FLOOD_FRACTION"":35}"
"0.6","0.12","0.2","0.3","0.5","0.2","[]","","{""NO_DILUTE_CONNECTED_ROOT"":35,""ACTUAL_LOADING_EXCEEDS_DESIGN_FLOOD_FRACTION"":35}"
"0.6","0.12","0.2","0.3","0.5","0.3","[]","","{""NO_DILUTE_CONNECTED_ROOT"":35,""ACTUAL_LOADING_EXCEEDS_DESIGN_FLOOD_FRACTION"":35}"
"0.6","0.12","0.2","0.3","0.5","0.4","[]","","{""NO_DILUTE_CONNECTED_ROOT"":35,""ACTUAL_LOADING_EXCEEDS_DESIGN_FLOOD_FRACTION"":35}"
"0.6","0.15","0.25","0.198","0.33","0.2","[[30]]","{""rpmMin"":30,""rpmMax"":30,""widthRpm"":0,""validTrialCount"":1,""edgeMarginRpm"":0}","{""ACTUAL_LOADING_EXCEEDS_DESIGN_FLOOD_FRACTION"":34,""NO_DILUTE_CONNECTED_ROOT"":33}"
"0.6","0.15","0.25","0.198","0.33","0.3","[[30]]","{""rpmMin"":30,""rpmMax"":30,""widthRpm"":0,""validTrialCount"":1,""edgeMarginRpm"":0}","{""ACTUAL_LOADING_EXCEEDS_DESIGN_FLOOD_FRACTION"":34,""NO_DILUTE_CONNECTED_ROOT"":33}"
"0.6","0.15","0.25","0.198","0.33","0.4","[[30,35]]","{""rpmMin"":30,""rpmMax"":35,""widthRpm"":5,""validTrialCount"":2,""edgeMarginRpm"":0}","{""ACTUAL_LOADING_EXCEEDS_DESIGN_FLOOD_FRACTION"":33,""NO_DILUTE_CONNECTED_ROOT"":32}"
"0.6","0.15","0.25","0.24","0.4","0.2","[]","","{""NO_DILUTE_CONNECTED_ROOT"":35,""ACTUAL_LOADING_EXCEEDS_DESIGN_FLOOD_FRACTION"":35}"
"0.6","0.15","0.25","0.24","0.4","0.3","[]","","{""NO_DILUTE_CONNECTED_ROOT"":35,""ACTUAL_LOADING_EXCEEDS_DESIGN_FLOOD_FRACTION"":35}"
"0.6","0.15","0.25","0.24","0.4","0.4","[]","","{""ACTUAL_LOADING_EXCEEDS_DESIGN_FLOOD_FRACTION"":35,""NO_DILUTE_CONNECTED_ROOT"":34}"
"0.6","0.15","0.25","0.3","0.5","0.2","[]","","{""NO_DILUTE_CONNECTED_ROOT"":35,""ACTUAL_LOADING_EXCEEDS_DESIGN_FLOOD_FRACTION"":35}"
"0.6","0.15","0.25","0.3","0.5","0.3","[]","","{""NO_DILUTE_CONNECTED_ROOT"":35,""ACTUAL_LOADING_EXCEEDS_DESIGN_FLOOD_FRACTION"":35}"
"0.6","0.15","0.25","0.3","0.5","0.4","[]","","{""NO_DILUTE_CONNECTED_ROOT"":35,""ACTUAL_LOADING_EXCEEDS_DESIGN_FLOOD_FRACTION"":35}"
"0.6","0.18","0.3","0.198","0.33","0.2","[[30]]","{""rpmMin"":30,""rpmMax"":30,""widthRpm"":0,""validTrialCount"":1,""edgeMarginRpm"":0}","{""ACTUAL_LOADING_EXCEEDS_DESIGN_FLOOD_FRACTION"":34,""NO_DILUTE_CONNECTED_ROOT"":33}"
"0.6","0.18","0.3","0.198","0.33","0.3","[[30,35]]","{""rpmMin"":30,""rpmMax"":35,""widthRpm"":5,""validTrialCount"":2,""edgeMarginRpm"":0}","{""ACTUAL_LOADING_EXCEEDS_DESIGN_FLOOD_FRACTION"":33,""NO_DILUTE_CONNECTED_ROOT"":32}"
"0.6","0.18","0.3","0.198","0.33","0.4","[[30,35]]","{""rpmMin"":30,""rpmMax"":35,""widthRpm"":5,""validTrialCount"":2,""edgeMarginRpm"":0}","{""ACTUAL_LOADING_EXCEEDS_DESIGN_FLOOD_FRACTION"":33,""NO_DILUTE_CONNECTED_ROOT"":32}"
"0.6","0.18","0.3","0.24","0.4","0.2","[]","","{""NO_DILUTE_CONNECTED_ROOT"":35,""ACTUAL_LOADING_EXCEEDS_DESIGN_FLOOD_FRACTION"":35}"
"0.6","0.18","0.3","0.24","0.4","0.3","[]","","{""ACTUAL_LOADING_EXCEEDS_DESIGN_FLOOD_FRACTION"":35,""NO_DILUTE_CONNECTED_ROOT"":34}"
"0.6","0.18","0.3","0.24","0.4","0.4","[]","","{""ACTUAL_LOADING_EXCEEDS_DESIGN_FLOOD_FRACTION"":35,""NO_DILUTE_CONNECTED_ROOT"":34}"
"0.6","0.18","0.3","0.3","0.5","0.2","[]","","{""NO_DILUTE_CONNECTED_ROOT"":35,""ACTUAL_LOADING_EXCEEDS_DESIGN_FLOOD_FRACTION"":35}"
"0.6","0.18","0.3","0.3","0.5","0.3","[]","","{""NO_DILUTE_CONNECTED_ROOT"":35,""ACTUAL_LOADING_EXCEEDS_DESIGN_FLOOD_FRACTION"":35}"
"0.6","0.18","0.3","0.3","0.5","0.4","[]","","{""NO_DILUTE_CONNECTED_ROOT"":35,""ACTUAL_LOADING_EXCEEDS_DESIGN_FLOOD_FRACTION"":35}"
"0.7","0.13999999999999999","0.2","0.23099999999999998","0.33","0.2","[[30]]","{""rpmMin"":30,""rpmMax"":30,""widthRpm"":0,""validTrialCount"":1,""edgeMarginRpm"":0}","{""ACTUAL_LOADING_EXCEEDS_DESIGN_FLOOD_FRACTION"":34,""NO_DILUTE_CONNECTED_ROOT"":33}"
"0.7","0.13999999999999999","0.2","0.23099999999999998","0.33","0.3","[[30]]","{""rpmMin"":30,""rpmMax"":30,""widthRpm"":0,""validTrialCount"":1,""edgeMarginRpm"":0}","{""ACTUAL_LOADING_EXCEEDS_DESIGN_FLOOD_FRACTION"":34,""NO_DILUTE_CONNECTED_ROOT"":33}"
"0.7","0.13999999999999999","0.2","0.23099999999999998","0.33","0.4","[[30]]","{""rpmMin"":30,""rpmMax"":30,""widthRpm"":0,""validTrialCount"":1,""edgeMarginRpm"":0}","{""ACTUAL_LOADING_EXCEEDS_DESIGN_FLOOD_FRACTION"":34,""NO_DILUTE_CONNECTED_ROOT"":32}"
"0.7","0.13999999999999999","0.2","0.27999999999999997","0.4","0.2","[]","","{""NO_DILUTE_CONNECTED_ROOT"":35,""ACTUAL_LOADING_EXCEEDS_DESIGN_FLOOD_FRACTION"":35}"
"0.7","0.13999999999999999","0.2","0.27999999999999997","0.4","0.3","[]","","{""NO_DILUTE_CONNECTED_ROOT"":35,""ACTUAL_LOADING_EXCEEDS_DESIGN_FLOOD_FRACTION"":35}"
"0.7","0.13999999999999999","0.2","0.27999999999999997","0.4","0.4","[]","","{""NO_DILUTE_CONNECTED_ROOT"":35,""ACTUAL_LOADING_EXCEEDS_DESIGN_FLOOD_FRACTION"":35}"
"0.7","0.13999999999999999","0.2","0.35","0.5","0.2","[]","","{""NO_DILUTE_CONNECTED_ROOT"":35,""ACTUAL_LOADING_EXCEEDS_DESIGN_FLOOD_FRACTION"":35}"
"0.7","0.13999999999999999","0.2","0.35","0.5","0.3","[]","","{""NO_DILUTE_CONNECTED_ROOT"":35,""ACTUAL_LOADING_EXCEEDS_DESIGN_FLOOD_FRACTION"":35}"
"0.7","0.13999999999999999","0.2","0.35","0.5","0.4","[]","","{""NO_DILUTE_CONNECTED_ROOT"":35,""ACTUAL_LOADING_EXCEEDS_DESIGN_FLOOD_FRACTION"":35}"
"0.7","0.175","0.25","0.23099999999999998","0.33","0.2","[[30]]","{""rpmMin"":30,""rpmMax"":30,""widthRpm"":0,""validTrialCount"":1,""edgeMarginRpm"":0}","{""ACTUAL_LOADING_EXCEEDS_DESIGN_FLOOD_FRACTION"":34,""NO_DILUTE_CONNECTED_ROOT"":33}"
"0.7","0.175","0.25","0.23099999999999998","0.33","0.3","[[30]]","{""rpmMin"":30,""rpmMax"":30,""widthRpm"":0,""validTrialCount"":1,""edgeMarginRpm"":0}","{""ACTUAL_LOADING_EXCEEDS_DESIGN_FLOOD_FRACTION"":34,""NO_DILUTE_CONNECTED_ROOT"":32}"
"0.7","0.175","0.25","0.23099999999999998","0.33","0.4","[[30,35]]","{""rpmMin"":30,""rpmMax"":35,""widthRpm"":5,""validTrialCount"":2,""edgeMarginRpm"":0}","{""ACTUAL_LOADING_EXCEEDS_DESIGN_FLOOD_FRACTION"":33,""NO_DILUTE_CONNECTED_ROOT"":32}"
"0.7","0.175","0.25","0.27999999999999997","0.4","0.2","[]","","{""NO_DILUTE_CONNECTED_ROOT"":35,""ACTUAL_LOADING_EXCEEDS_DESIGN_FLOOD_FRACTION"":35}"
"0.7","0.175","0.25","0.27999999999999997","0.4","0.3","[]","","{""NO_DILUTE_CONNECTED_ROOT"":35,""ACTUAL_LOADING_EXCEEDS_DESIGN_FLOOD_FRACTION"":35}"
"0.7","0.175","0.25","0.27999999999999997","0.4","0.4","[]","","{""ACTUAL_LOADING_EXCEEDS_DESIGN_FLOOD_FRACTION"":35,""NO_DILUTE_CONNECTED_ROOT"":34}"
"0.7","0.175","0.25","0.35","0.5","0.2","[]","","{""NO_DILUTE_CONNECTED_ROOT"":35,""ACTUAL_LOADING_EXCEEDS_DESIGN_FLOOD_FRACTION"":35}"
"0.7","0.175","0.25","0.35","0.5","0.3","[]","","{""NO_DILUTE_CONNECTED_ROOT"":35,""ACTUAL_LOADING_EXCEEDS_DESIGN_FLOOD_FRACTION"":35}"
"0.7","0.175","0.25","0.35","0.5","0.4","[]","","{""NO_DILUTE_CONNECTED_ROOT"":35,""ACTUAL_LOADING_EXCEEDS_DESIGN_FLOOD_FRACTION"":35}"
"0.7","0.21","0.3","0.23099999999999998","0.33","0.2","[[30]]","{""rpmMin"":30,""rpmMax"":30,""widthRpm"":0,""validTrialCount"":1,""edgeMarginRpm"":0}","{""ACTUAL_LOADING_EXCEEDS_DESIGN_FLOOD_FRACTION"":34,""NO_DILUTE_CONNECTED_ROOT"":33}"
"0.7","0.21","0.3","0.23099999999999998","0.33","0.3","[[30,35]]","{""rpmMin"":30,""rpmMax"":35,""widthRpm"":5,""validTrialCount"":2,""edgeMarginRpm"":0}","{""ACTUAL_LOADING_EXCEEDS_DESIGN_FLOOD_FRACTION"":33,""NO_DILUTE_CONNECTED_ROOT"":32}"
"0.7","0.21","0.3","0.23099999999999998","0.33","0.4","[[30,35]]","{""rpmMin"":30,""rpmMax"":35,""widthRpm"":5,""validTrialCount"":2,""edgeMarginRpm"":0}","{""ACTUAL_LOADING_EXCEEDS_DESIGN_FLOOD_FRACTION"":33,""NO_DILUTE_CONNECTED_ROOT"":31}"
"0.7","0.21","0.3","0.27999999999999997","0.4","0.2","[]","","{""NO_DILUTE_CONNECTED_ROOT"":35,""ACTUAL_LOADING_EXCEEDS_DESIGN_FLOOD_FRACTION"":35}"
"0.7","0.21","0.3","0.27999999999999997","0.4","0.3","[]","","{""ACTUAL_LOADING_EXCEEDS_DESIGN_FLOOD_FRACTION"":35,""NO_DILUTE_CONNECTED_ROOT"":34}"
"0.7","0.21","0.3","0.27999999999999997","0.4","0.4","[]","","{""ACTUAL_LOADING_EXCEEDS_DESIGN_FLOOD_FRACTION"":35,""NO_DILUTE_CONNECTED_ROOT"":34}"
"0.7","0.21","0.3","0.35","0.5","0.2","[]","","{""NO_DILUTE_CONNECTED_ROOT"":35,""ACTUAL_LOADING_EXCEEDS_DESIGN_FLOOD_FRACTION"":35}"
"0.7","0.21","0.3","0.35","0.5","0.3","[]","","{""NO_DILUTE_CONNECTED_ROOT"":35,""ACTUAL_LOADING_EXCEEDS_DESIGN_FLOOD_FRACTION"":35}"
"0.7","0.21","0.3","0.35","0.5","0.4","[]","","{""NO_DILUTE_CONNECTED_ROOT"":35,""ACTUAL_LOADING_EXCEEDS_DESIGN_FLOOD_FRACTION"":35}"
"0.8","0.16000000000000003","0.2","0.264","0.33","0.2","[[30]]","{""rpmMin"":30,""rpmMax"":30,""widthRpm"":0,""validTrialCount"":1,""edgeMarginRpm"":0}","{""ACTUAL_LOADING_EXCEEDS_DESIGN_FLOOD_FRACTION"":34,""NO_DILUTE_CONNECTED_ROOT"":33}"
"0.8","0.16000000000000003","0.2","0.264","0.33","0.3","[[30]]","{""rpmMin"":30,""rpmMax"":30,""widthRpm"":0,""validTrialCount"":1,""edgeMarginRpm"":0}","{""ACTUAL_LOADING_EXCEEDS_DESIGN_FLOOD_FRACTION"":34,""NO_DILUTE_CONNECTED_ROOT"":33}"
"0.8","0.16000000000000003","0.2","0.264","0.33","0.4","[[30,35]]","{""rpmMin"":30,""rpmMax"":35,""widthRpm"":5,""validTrialCount"":2,""edgeMarginRpm"":0}","{""ACTUAL_LOADING_EXCEEDS_DESIGN_FLOOD_FRACTION"":33,""NO_DILUTE_CONNECTED_ROOT"":32}"
"0.8","0.16000000000000003","0.2","0.32000000000000006","0.4","0.2","[]","","{""NO_DILUTE_CONNECTED_ROOT"":35,""ACTUAL_LOADING_EXCEEDS_DESIGN_FLOOD_FRACTION"":35}"
"0.8","0.16000000000000003","0.2","0.32000000000000006","0.4","0.3","[]","","{""NO_DILUTE_CONNECTED_ROOT"":35,""ACTUAL_LOADING_EXCEEDS_DESIGN_FLOOD_FRACTION"":35}"
"0.8","0.16000000000000003","0.2","0.32000000000000006","0.4","0.4","[]","","{""NO_DILUTE_CONNECTED_ROOT"":35,""ACTUAL_LOADING_EXCEEDS_DESIGN_FLOOD_FRACTION"":35}"
"0.8","0.16000000000000003","0.2","0.4","0.5","0.2","[]","","{""NO_DILUTE_CONNECTED_ROOT"":35,""ACTUAL_LOADING_EXCEEDS_DESIGN_FLOOD_FRACTION"":35}"
"0.8","0.16000000000000003","0.2","0.4","0.5","0.3","[]","","{""NO_DILUTE_CONNECTED_ROOT"":35,""ACTUAL_LOADING_EXCEEDS_DESIGN_FLOOD_FRACTION"":35}"
"0.8","0.16000000000000003","0.2","0.4","0.5","0.4","[]","","{""NO_DILUTE_CONNECTED_ROOT"":35,""ACTUAL_LOADING_EXCEEDS_DESIGN_FLOOD_FRACTION"":35}"
"0.8","0.2","0.25","0.264","0.33","0.2","[[30]]","{""rpmMin"":30,""rpmMax"":30,""widthRpm"":0,""validTrialCount"":1,""edgeMarginRpm"":0}","{""ACTUAL_LOADING_EXCEEDS_DESIGN_FLOOD_FRACTION"":34,""NO_DILUTE_CONNECTED_ROOT"":33}"
"0.8","0.2","0.25","0.264","0.33","0.3","[[30,35]]","{""rpmMin"":30,""rpmMax"":35,""widthRpm"":5,""validTrialCount"":2,""edgeMarginRpm"":0}","{""ACTUAL_LOADING_EXCEEDS_DESIGN_FLOOD_FRACTION"":33,""NO_DILUTE_CONNECTED_ROOT"":32}"
"0.8","0.2","0.25","0.264","0.33","0.4","[[30,35]]","{""rpmMin"":30,""rpmMax"":35,""widthRpm"":5,""validTrialCount"":2,""edgeMarginRpm"":0}","{""ACTUAL_LOADING_EXCEEDS_DESIGN_FLOOD_FRACTION"":33,""NO_DILUTE_CONNECTED_ROOT"":32}"
"0.8","0.2","0.25","0.32000000000000006","0.4","0.2","[]","","{""NO_DILUTE_CONNECTED_ROOT"":35,""ACTUAL_LOADING_EXCEEDS_DESIGN_FLOOD_FRACTION"":35}"
"0.8","0.2","0.25","0.32000000000000006","0.4","0.3","[]","","{""NO_DILUTE_CONNECTED_ROOT"":35,""ACTUAL_LOADING_EXCEEDS_DESIGN_FLOOD_FRACTION"":35}"
"0.8","0.2","0.25","0.32000000000000006","0.4","0.4","[]","","{""ACTUAL_LOADING_EXCEEDS_DESIGN_FLOOD_FRACTION"":35,""NO_DILUTE_CONNECTED_ROOT"":34}"
"0.8","0.2","0.25","0.4","0.5","0.2","[]","","{""NO_DILUTE_CONNECTED_ROOT"":35,""ACTUAL_LOADING_EXCEEDS_DESIGN_FLOOD_FRACTION"":35}"
"0.8","0.2","0.25","0.4","0.5","0.3","[]","","{""NO_DILUTE_CONNECTED_ROOT"":35,""ACTUAL_LOADING_EXCEEDS_DESIGN_FLOOD_FRACTION"":35}"
"0.8","0.2","0.25","0.4","0.5","0.4","[]","","{""NO_DILUTE_CONNECTED_ROOT"":35,""ACTUAL_LOADING_EXCEEDS_DESIGN_FLOOD_FRACTION"":35}"
"0.8","0.24","0.3","0.264","0.33","0.2","[[30]]","{""rpmMin"":30,""rpmMax"":30,""widthRpm"":0,""validTrialCount"":1,""edgeMarginRpm"":0}","{""ACTUAL_LOADING_EXCEEDS_DESIGN_FLOOD_FRACTION"":34,""NO_DILUTE_CONNECTED_ROOT"":33}"
"0.8","0.24","0.3","0.264","0.33","0.3","[[30,35]]","{""rpmMin"":30,""rpmMax"":35,""widthRpm"":5,""validTrialCount"":2,""edgeMarginRpm"":0}","{""ACTUAL_LOADING_EXCEEDS_DESIGN_FLOOD_FRACTION"":33,""NO_DILUTE_CONNECTED_ROOT"":32}"
"0.8","0.24","0.3","0.264","0.33","0.4","[[30,35]]","{""rpmMin"":30,""rpmMax"":35,""widthRpm"":5,""validTrialCount"":2,""edgeMarginRpm"":0}","{""ACTUAL_LOADING_EXCEEDS_DESIGN_FLOOD_FRACTION"":33,""NO_DILUTE_CONNECTED_ROOT"":31}"
"0.8","0.24","0.3","0.32000000000000006","0.4","0.2","[]","","{""NO_DILUTE_CONNECTED_ROOT"":35,""ACTUAL_LOADING_EXCEEDS_DESIGN_FLOOD_FRACTION"":35}"
"0.8","0.24","0.3","0.32000000000000006","0.4","0.3","[]","","{""ACTUAL_LOADING_EXCEEDS_DESIGN_FLOOD_FRACTION"":35,""NO_DILUTE_CONNECTED_ROOT"":34}"
"0.8","0.24","0.3","0.32000000000000006","0.4","0.4","[]","","{""ACTUAL_LOADING_EXCEEDS_DESIGN_FLOOD_FRACTION"":35,""NO_DILUTE_CONNECTED_ROOT"":34}"
"0.8","0.24","0.3","0.4","0.5","0.2","[]","","{""NO_DILUTE_CONNECTED_ROOT"":35,""ACTUAL_LOADING_EXCEEDS_DESIGN_FLOOD_FRACTION"":35}"
"0.8","0.24","0.3","0.4","0.5","0.3","[]","","{""NO_DILUTE_CONNECTED_ROOT"":35,""ACTUAL_LOADING_EXCEEDS_DESIGN_FLOOD_FRACTION"":35}"
"0.8","0.24","0.3","0.4","0.5","0.4","[]","","{""NO_DILUTE_CONNECTED_ROOT"":35,""ACTUAL_LOADING_EXCEEDS_DESIGN_FLOOD_FRACTION"":35}"
"0.9","0.18000000000000002","0.2","0.29700000000000004","0.33","0.2","[[30]]","{""rpmMin"":30,""rpmMax"":30,""widthRpm"":0,""validTrialCount"":1,""edgeMarginRpm"":0}","{""ACTUAL_LOADING_EXCEEDS_DESIGN_FLOOD_FRACTION"":34,""NO_DILUTE_CONNECTED_ROOT"":33}"
"0.9","0.18000000000000002","0.2","0.29700000000000004","0.33","0.3","[[30]]","{""rpmMin"":30,""rpmMax"":30,""widthRpm"":0,""validTrialCount"":1,""edgeMarginRpm"":0}","{""ACTUAL_LOADING_EXCEEDS_DESIGN_FLOOD_FRACTION"":34,""NO_DILUTE_CONNECTED_ROOT"":33}"
"0.9","0.18000000000000002","0.2","0.29700000000000004","0.33","0.4","[[30,35]]","{""rpmMin"":30,""rpmMax"":35,""widthRpm"":5,""validTrialCount"":2,""edgeMarginRpm"":0}","{""ACTUAL_LOADING_EXCEEDS_DESIGN_FLOOD_FRACTION"":33,""NO_DILUTE_CONNECTED_ROOT"":32}"
"0.9","0.18000000000000002","0.2","0.36000000000000004","0.4","0.2","[]","","{""NO_DILUTE_CONNECTED_ROOT"":35,""ACTUAL_LOADING_EXCEEDS_DESIGN_FLOOD_FRACTION"":35}"
"0.9","0.18000000000000002","0.2","0.36000000000000004","0.4","0.3","[]","","{""NO_DILUTE_CONNECTED_ROOT"":35,""ACTUAL_LOADING_EXCEEDS_DESIGN_FLOOD_FRACTION"":35}"
"0.9","0.18000000000000002","0.2","0.36000000000000004","0.4","0.4","[]","","{""ACTUAL_LOADING_EXCEEDS_DESIGN_FLOOD_FRACTION"":35,""NO_DILUTE_CONNECTED_ROOT"":34}"
"0.9","0.18000000000000002","0.2","0.45","0.5","0.2","[]","","{""NO_DILUTE_CONNECTED_ROOT"":35,""ACTUAL_LOADING_EXCEEDS_DESIGN_FLOOD_FRACTION"":35,""TIP_SPEED_LIMIT_EXCEEDED"":2}"
"0.9","0.18000000000000002","0.2","0.45","0.5","0.3","[]","","{""NO_DILUTE_CONNECTED_ROOT"":35,""ACTUAL_LOADING_EXCEEDS_DESIGN_FLOOD_FRACTION"":35,""TIP_SPEED_LIMIT_EXCEEDED"":2}"
"0.9","0.18000000000000002","0.2","0.45","0.5","0.4","[]","","{""NO_DILUTE_CONNECTED_ROOT"":35,""ACTUAL_LOADING_EXCEEDS_DESIGN_FLOOD_FRACTION"":35,""TIP_SPEED_LIMIT_EXCEEDED"":2}"
"0.9","0.225","0.25","0.29700000000000004","0.33","0.2","[[30]]","{""rpmMin"":30,""rpmMax"":30,""widthRpm"":0,""validTrialCount"":1,""edgeMarginRpm"":0}","{""ACTUAL_LOADING_EXCEEDS_DESIGN_FLOOD_FRACTION"":34,""NO_DILUTE_CONNECTED_ROOT"":33}"
"0.9","0.225","0.25","0.29700000000000004","0.33","0.3","[[30,35]]","{""rpmMin"":30,""rpmMax"":35,""widthRpm"":5,""validTrialCount"":2,""edgeMarginRpm"":0}","{""ACTUAL_LOADING_EXCEEDS_DESIGN_FLOOD_FRACTION"":33,""NO_DILUTE_CONNECTED_ROOT"":32}"
"0.9","0.225","0.25","0.29700000000000004","0.33","0.4","[[30,35]]","{""rpmMin"":30,""rpmMax"":35,""widthRpm"":5,""validTrialCount"":2,""edgeMarginRpm"":0}","{""ACTUAL_LOADING_EXCEEDS_DESIGN_FLOOD_FRACTION"":33,""NO_DILUTE_CONNECTED_ROOT"":32}"
"0.9","0.225","0.25","0.36000000000000004","0.4","0.2","[]","","{""NO_DILUTE_CONNECTED_ROOT"":35,""ACTUAL_LOADING_EXCEEDS_DESIGN_FLOOD_FRACTION"":35}"
"0.9","0.225","0.25","0.36000000000000004","0.4","0.3","[]","","{""NO_DILUTE_CONNECTED_ROOT"":35,""ACTUAL_LOADING_EXCEEDS_DESIGN_FLOOD_FRACTION"":35}"
"0.9","0.225","0.25","0.36000000000000004","0.4","0.4","[]","","{""ACTUAL_LOADING_EXCEEDS_DESIGN_FLOOD_FRACTION"":35,""NO_DILUTE_CONNECTED_ROOT"":34}"
"0.9","0.225","0.25","0.45","0.5","0.2","[]","","{""NO_DILUTE_CONNECTED_ROOT"":35,""ACTUAL_LOADING_EXCEEDS_DESIGN_FLOOD_FRACTION"":35,""TIP_SPEED_LIMIT_EXCEEDED"":2}"
"0.9","0.225","0.25","0.45","0.5","0.3","[]","","{""NO_DILUTE_CONNECTED_ROOT"":35,""ACTUAL_LOADING_EXCEEDS_DESIGN_FLOOD_FRACTION"":35,""TIP_SPEED_LIMIT_EXCEEDED"":2}"
"0.9","0.225","0.25","0.45","0.5","0.4","[]","","{""NO_DILUTE_CONNECTED_ROOT"":35,""ACTUAL_LOADING_EXCEEDS_DESIGN_FLOOD_FRACTION"":35,""TIP_SPEED_LIMIT_EXCEEDED"":2}"
"0.9","0.27","0.3","0.29700000000000004","0.33","0.2","[[30]]","{""rpmMin"":30,""rpmMax"":30,""widthRpm"":0,""validTrialCount"":1,""edgeMarginRpm"":0}","{""ACTUAL_LOADING_EXCEEDS_DESIGN_FLOOD_FRACTION"":34,""NO_DILUTE_CONNECTED_ROOT"":33}"
"0.9","0.27","0.3","0.29700000000000004","0.33","0.3","[[30,35]]","{""rpmMin"":30,""rpmMax"":35,""widthRpm"":5,""validTrialCount"":2,""edgeMarginRpm"":0}","{""ACTUAL_LOADING_EXCEEDS_DESIGN_FLOOD_FRACTION"":33,""NO_DILUTE_CONNECTED_ROOT"":32}"
"0.9","0.27","0.3","0.29700000000000004","0.33","0.4","[[30,35,40]]","{""rpmMin"":30,""rpmMax"":40,""widthRpm"":10,""validTrialCount"":3,""edgeMarginRpm"":0}","{""ACTUAL_LOADING_EXCEEDS_DESIGN_FLOOD_FRACTION"":32,""NO_DILUTE_CONNECTED_ROOT"":31}"
"0.9","0.27","0.3","0.36000000000000004","0.4","0.2","[]","","{""NO_DILUTE_CONNECTED_ROOT"":35,""ACTUAL_LOADING_EXCEEDS_DESIGN_FLOOD_FRACTION"":35}"
"0.9","0.27","0.3","0.36000000000000004","0.4","0.3","[]","","{""ACTUAL_LOADING_EXCEEDS_DESIGN_FLOOD_FRACTION"":35,""NO_DILUTE_CONNECTED_ROOT"":34}"
"0.9","0.27","0.3","0.36000000000000004","0.4","0.4","[]","","{""ACTUAL_LOADING_EXCEEDS_DESIGN_FLOOD_FRACTION"":35,""NO_DILUTE_CONNECTED_ROOT"":34}"
"0.9","0.27","0.3","0.45","0.5","0.2","[]","","{""NO_DILUTE_CONNECTED_ROOT"":35,""ACTUAL_LOADING_EXCEEDS_DESIGN_FLOOD_FRACTION"":35,""TIP_SPEED_LIMIT_EXCEEDED"":2}"
"0.9","0.27","0.3","0.45","0.5","0.3","[]","","{""NO_DILUTE_CONNECTED_ROOT"":35,""ACTUAL_LOADING_EXCEEDS_DESIGN_FLOOD_FRACTION"":35,""TIP_SPEED_LIMIT_EXCEEDED"":2}"
"0.9","0.27","0.3","0.45","0.5","0.4","[]","","{""NO_DILUTE_CONNECTED_ROOT"":35,""ACTUAL_LOADING_EXCEEDS_DESIGN_FLOOD_FRACTION"":35,""TIP_SPEED_LIMIT_EXCEEDED"":2}"
"1","0.2","0.2","0.33","0.33","0.2","[[30]]","{""rpmMin"":30,""rpmMax"":30,""widthRpm"":0,""validTrialCount"":1,""edgeMarginRpm"":0}","{""ACTUAL_LOADING_EXCEEDS_DESIGN_FLOOD_FRACTION"":34,""NO_DILUTE_CONNECTED_ROOT"":33}"
"1","0.2","0.2","0.33","0.33","0.3","[[30]]","{""rpmMin"":30,""rpmMax"":30,""widthRpm"":0,""validTrialCount"":1,""edgeMarginRpm"":0}","{""ACTUAL_LOADING_EXCEEDS_DESIGN_FLOOD_FRACTION"":34,""NO_DILUTE_CONNECTED_ROOT"":33}"
"1","0.2","0.2","0.33","0.33","0.4","[[30,35]]","{""rpmMin"":30,""rpmMax"":35,""widthRpm"":5,""validTrialCount"":2,""edgeMarginRpm"":0}","{""ACTUAL_LOADING_EXCEEDS_DESIGN_FLOOD_FRACTION"":33,""NO_DILUTE_CONNECTED_ROOT"":32}"
"1","0.2","0.2","0.4","0.4","0.2","[]","","{""NO_DILUTE_CONNECTED_ROOT"":35,""ACTUAL_LOADING_EXCEEDS_DESIGN_FLOOD_FRACTION"":35}"
"1","0.2","0.2","0.4","0.4","0.3","[]","","{""NO_DILUTE_CONNECTED_ROOT"":35,""ACTUAL_LOADING_EXCEEDS_DESIGN_FLOOD_FRACTION"":35}"
"1","0.2","0.2","0.4","0.4","0.4","[]","","{""ACTUAL_LOADING_EXCEEDS_DESIGN_FLOOD_FRACTION"":35,""NO_DILUTE_CONNECTED_ROOT"":34}"
"1","0.2","0.2","0.5","0.5","0.2","[]","","{""NO_DILUTE_CONNECTED_ROOT"":35,""ACTUAL_LOADING_EXCEEDS_DESIGN_FLOOD_FRACTION"":35,""TIP_SPEED_LIMIT_EXCEEDED"":6}"
"1","0.2","0.2","0.5","0.5","0.3","[]","","{""NO_DILUTE_CONNECTED_ROOT"":35,""ACTUAL_LOADING_EXCEEDS_DESIGN_FLOOD_FRACTION"":35,""TIP_SPEED_LIMIT_EXCEEDED"":6}"
"1","0.2","0.2","0.5","0.5","0.4","[]","","{""NO_DILUTE_CONNECTED_ROOT"":35,""ACTUAL_LOADING_EXCEEDS_DESIGN_FLOOD_FRACTION"":35,""TIP_SPEED_LIMIT_EXCEEDED"":6}"
"1","0.25","0.25","0.33","0.33","0.2","[[30]]","{""rpmMin"":30,""rpmMax"":30,""widthRpm"":0,""validTrialCount"":1,""edgeMarginRpm"":0}","{""ACTUAL_LOADING_EXCEEDS_DESIGN_FLOOD_FRACTION"":34,""NO_DILUTE_CONNECTED_ROOT"":33}"
"1","0.25","0.25","0.33","0.33","0.3","[[30,35]]","{""rpmMin"":30,""rpmMax"":35,""widthRpm"":5,""validTrialCount"":2,""edgeMarginRpm"":0}","{""ACTUAL_LOADING_EXCEEDS_DESIGN_FLOOD_FRACTION"":33,""NO_DILUTE_CONNECTED_ROOT"":32}"
"1","0.25","0.25","0.33","0.33","0.4","[[30,35]]","{""rpmMin"":30,""rpmMax"":35,""widthRpm"":5,""validTrialCount"":2,""edgeMarginRpm"":0}","{""ACTUAL_LOADING_EXCEEDS_DESIGN_FLOOD_FRACTION"":33,""NO_DILUTE_CONNECTED_ROOT"":32}"
"1","0.25","0.25","0.4","0.4","0.2","[]","","{""NO_DILUTE_CONNECTED_ROOT"":35,""ACTUAL_LOADING_EXCEEDS_DESIGN_FLOOD_FRACTION"":35}"
"1","0.25","0.25","0.4","0.4","0.3","[]","","{""NO_DILUTE_CONNECTED_ROOT"":35,""ACTUAL_LOADING_EXCEEDS_DESIGN_FLOOD_FRACTION"":35}"
"1","0.25","0.25","0.4","0.4","0.4","[]","","{""ACTUAL_LOADING_EXCEEDS_DESIGN_FLOOD_FRACTION"":35,""NO_DILUTE_CONNECTED_ROOT"":34}"
"1","0.25","0.25","0.5","0.5","0.2","[]","","{""NO_DILUTE_CONNECTED_ROOT"":35,""ACTUAL_LOADING_EXCEEDS_DESIGN_FLOOD_FRACTION"":35,""TIP_SPEED_LIMIT_EXCEEDED"":6}"
"1","0.25","0.25","0.5","0.5","0.3","[]","","{""NO_DILUTE_CONNECTED_ROOT"":35,""ACTUAL_LOADING_EXCEEDS_DESIGN_FLOOD_FRACTION"":35,""TIP_SPEED_LIMIT_EXCEEDED"":6}"
"1","0.25","0.25","0.5","0.5","0.4","[]","","{""NO_DILUTE_CONNECTED_ROOT"":35,""ACTUAL_LOADING_EXCEEDS_DESIGN_FLOOD_FRACTION"":35,""TIP_SPEED_LIMIT_EXCEEDED"":6}"
"1","0.3","0.3","0.33","0.33","0.2","[[30]]","{""rpmMin"":30,""rpmMax"":30,""widthRpm"":0,""validTrialCount"":1,""edgeMarginRpm"":0}","{""ACTUAL_LOADING_EXCEEDS_DESIGN_FLOOD_FRACTION"":34,""NO_DILUTE_CONNECTED_ROOT"":33}"
"1","0.3","0.3","0.33","0.33","0.3","[[30,35]]","{""rpmMin"":30,""rpmMax"":35,""widthRpm"":5,""validTrialCount"":2,""edgeMarginRpm"":0}","{""ACTUAL_LOADING_EXCEEDS_DESIGN_FLOOD_FRACTION"":33,""NO_DILUTE_CONNECTED_ROOT"":32}"
"1","0.3","0.3","0.33","0.33","0.4","[[30,35,40]]","{""rpmMin"":30,""rpmMax"":40,""widthRpm"":10,""validTrialCount"":3,""edgeMarginRpm"":0}","{""ACTUAL_LOADING_EXCEEDS_DESIGN_FLOOD_FRACTION"":32,""NO_DILUTE_CONNECTED_ROOT"":31}"
"1","0.3","0.3","0.4","0.4","0.2","[]","","{""NO_DILUTE_CONNECTED_ROOT"":35,""ACTUAL_LOADING_EXCEEDS_DESIGN_FLOOD_FRACTION"":35}"
"1","0.3","0.3","0.4","0.4","0.3","[]","","{""ACTUAL_LOADING_EXCEEDS_DESIGN_FLOOD_FRACTION"":35,""NO_DILUTE_CONNECTED_ROOT"":34}"
"1","0.3","0.3","0.4","0.4","0.4","[]","","{""ACTUAL_LOADING_EXCEEDS_DESIGN_FLOOD_FRACTION"":35,""NO_DILUTE_CONNECTED_ROOT"":34}"
"1","0.3","0.3","0.5","0.5","0.2","[]","","{""NO_DILUTE_CONNECTED_ROOT"":35,""ACTUAL_LOADING_EXCEEDS_DESIGN_FLOOD_FRACTION"":35,""TIP_SPEED_LIMIT_EXCEEDED"":6}"
"1","0.3","0.3","0.5","0.5","0.3","[]","","{""NO_DILUTE_CONNECTED_ROOT"":35,""ACTUAL_LOADING_EXCEEDS_DESIGN_FLOOD_FRACTION"":35,""TIP_SPEED_LIMIT_EXCEEDED"":6}"
"1","0.3","0.3","0.5","0.5","0.4","[]","","{""NO_DILUTE_CONNECTED_ROOT"":35,""ACTUAL_LOADING_EXCEEDS_DESIGN_FLOOD_FRACTION"":35,""TIP_SPEED_LIMIT_EXCEEDED"":6}"
"1.1","0.22000000000000003","0.2","0.36300000000000004","0.33","0.2","[[30]]","{""rpmMin"":30,""rpmMax"":30,""widthRpm"":0,""validTrialCount"":1,""edgeMarginRpm"":0}","{""ACTUAL_LOADING_EXCEEDS_DESIGN_FLOOD_FRACTION"":34,""NO_DILUTE_CONNECTED_ROOT"":33}"
"1.1","0.22000000000000003","0.2","0.36300000000000004","0.33","0.3","[[30]]","{""rpmMin"":30,""rpmMax"":30,""widthRpm"":0,""validTrialCount"":1,""edgeMarginRpm"":0}","{""ACTUAL_LOADING_EXCEEDS_DESIGN_FLOOD_FRACTION"":34,""NO_DILUTE_CONNECTED_ROOT"":33}"
"1.1","0.22000000000000003","0.2","0.36300000000000004","0.33","0.4","[[30,35]]","{""rpmMin"":30,""rpmMax"":35,""widthRpm"":5,""validTrialCount"":2,""edgeMarginRpm"":0}","{""ACTUAL_LOADING_EXCEEDS_DESIGN_FLOOD_FRACTION"":33,""NO_DILUTE_CONNECTED_ROOT"":32}"
"1.1","0.22000000000000003","0.2","0.44000000000000006","0.4","0.2","[]","","{""NO_DILUTE_CONNECTED_ROOT"":35,""ACTUAL_LOADING_EXCEEDS_DESIGN_FLOOD_FRACTION"":35,""TIP_SPEED_LIMIT_EXCEEDED"":1}"
"1.1","0.22000000000000003","0.2","0.44000000000000006","0.4","0.3","[]","","{""NO_DILUTE_CONNECTED_ROOT"":35,""ACTUAL_LOADING_EXCEEDS_DESIGN_FLOOD_FRACTION"":35,""TIP_SPEED_LIMIT_EXCEEDED"":1}"
"1.1","0.22000000000000003","0.2","0.44000000000000006","0.4","0.4","[]","","{""ACTUAL_LOADING_EXCEEDS_DESIGN_FLOOD_FRACTION"":35,""NO_DILUTE_CONNECTED_ROOT"":34,""TIP_SPEED_LIMIT_EXCEEDED"":1}"
"1.1","0.22000000000000003","0.2","0.55","0.5","0.2","[]","","{""NO_DILUTE_CONNECTED_ROOT"":35,""ACTUAL_LOADING_EXCEEDS_DESIGN_FLOOD_FRACTION"":35,""TIP_SPEED_LIMIT_EXCEEDED"":9}"
"1.1","0.22000000000000003","0.2","0.55","0.5","0.3","[]","","{""NO_DILUTE_CONNECTED_ROOT"":35,""ACTUAL_LOADING_EXCEEDS_DESIGN_FLOOD_FRACTION"":35,""TIP_SPEED_LIMIT_EXCEEDED"":9}"
"1.1","0.22000000000000003","0.2","0.55","0.5","0.4","[]","","{""NO_DILUTE_CONNECTED_ROOT"":35,""ACTUAL_LOADING_EXCEEDS_DESIGN_FLOOD_FRACTION"":35,""TIP_SPEED_LIMIT_EXCEEDED"":9}"
"1.1","0.275","0.25","0.36300000000000004","0.33","0.2","[[30]]","{""rpmMin"":30,""rpmMax"":30,""widthRpm"":0,""validTrialCount"":1,""edgeMarginRpm"":0}","{""ACTUAL_LOADING_EXCEEDS_DESIGN_FLOOD_FRACTION"":34,""NO_DILUTE_CONNECTED_ROOT"":33}"
"1.1","0.275","0.25","0.36300000000000004","0.33","0.3","[[30,35]]","{""rpmMin"":30,""rpmMax"":35,""widthRpm"":5,""validTrialCount"":2,""edgeMarginRpm"":0}","{""ACTUAL_LOADING_EXCEEDS_DESIGN_FLOOD_FRACTION"":33,""NO_DILUTE_CONNECTED_ROOT"":32}"
"1.1","0.275","0.25","0.36300000000000004","0.33","0.4","[[30,35]]","{""rpmMin"":30,""rpmMax"":35,""widthRpm"":5,""validTrialCount"":2,""edgeMarginRpm"":0}","{""ACTUAL_LOADING_EXCEEDS_DESIGN_FLOOD_FRACTION"":33,""NO_DILUTE_CONNECTED_ROOT"":32}"
"1.1","0.275","0.25","0.44000000000000006","0.4","0.2","[]","","{""NO_DILUTE_CONNECTED_ROOT"":35,""ACTUAL_LOADING_EXCEEDS_DESIGN_FLOOD_FRACTION"":35,""TIP_SPEED_LIMIT_EXCEEDED"":1}"
"1.1","0.275","0.25","0.44000000000000006","0.4","0.3","[]","","{""NO_DILUTE_CONNECTED_ROOT"":35,""ACTUAL_LOADING_EXCEEDS_DESIGN_FLOOD_FRACTION"":35,""TIP_SPEED_LIMIT_EXCEEDED"":1}"
"1.1","0.275","0.25","0.44000000000000006","0.4","0.4","[]","","{""ACTUAL_LOADING_EXCEEDS_DESIGN_FLOOD_FRACTION"":35,""NO_DILUTE_CONNECTED_ROOT"":34,""TIP_SPEED_LIMIT_EXCEEDED"":1}"
"1.1","0.275","0.25","0.55","0.5","0.2","[]","","{""NO_DILUTE_CONNECTED_ROOT"":35,""ACTUAL_LOADING_EXCEEDS_DESIGN_FLOOD_FRACTION"":35,""TIP_SPEED_LIMIT_EXCEEDED"":9}"
"1.1","0.275","0.25","0.55","0.5","0.3","[]","","{""NO_DILUTE_CONNECTED_ROOT"":35,""ACTUAL_LOADING_EXCEEDS_DESIGN_FLOOD_FRACTION"":35,""TIP_SPEED_LIMIT_EXCEEDED"":9}"
"1.1","0.275","0.25","0.55","0.5","0.4","[]","","{""NO_DILUTE_CONNECTED_ROOT"":35,""ACTUAL_LOADING_EXCEEDS_DESIGN_FLOOD_FRACTION"":35,""TIP_SPEED_LIMIT_EXCEEDED"":9}"
"1.1","0.33","0.3","0.36300000000000004","0.33","0.2","[[30]]","{""rpmMin"":30,""rpmMax"":30,""widthRpm"":0,""validTrialCount"":1,""edgeMarginRpm"":0}","{""ACTUAL_LOADING_EXCEEDS_DESIGN_FLOOD_FRACTION"":34,""NO_DILUTE_CONNECTED_ROOT"":33}"
"1.1","0.33","0.3","0.36300000000000004","0.33","0.3","[[30,35]]","{""rpmMin"":30,""rpmMax"":35,""widthRpm"":5,""validTrialCount"":2,""edgeMarginRpm"":0}","{""ACTUAL_LOADING_EXCEEDS_DESIGN_FLOOD_FRACTION"":33,""NO_DILUTE_CONNECTED_ROOT"":32}"
"1.1","0.33","0.3","0.36300000000000004","0.33","0.4","[[30,35,40]]","{""rpmMin"":30,""rpmMax"":40,""widthRpm"":10,""validTrialCount"":3,""edgeMarginRpm"":0}","{""ACTUAL_LOADING_EXCEEDS_DESIGN_FLOOD_FRACTION"":32,""NO_DILUTE_CONNECTED_ROOT"":31}"
"1.1","0.33","0.3","0.44000000000000006","0.4","0.2","[]","","{""NO_DILUTE_CONNECTED_ROOT"":35,""ACTUAL_LOADING_EXCEEDS_DESIGN_FLOOD_FRACTION"":35,""TIP_SPEED_LIMIT_EXCEEDED"":1}"
"1.1","0.33","0.3","0.44000000000000006","0.4","0.3","[]","","{""ACTUAL_LOADING_EXCEEDS_DESIGN_FLOOD_FRACTION"":35,""NO_DILUTE_CONNECTED_ROOT"":34,""TIP_SPEED_LIMIT_EXCEEDED"":1}"
"1.1","0.33","0.3","0.44000000000000006","0.4","0.4","[]","","{""ACTUAL_LOADING_EXCEEDS_DESIGN_FLOOD_FRACTION"":35,""NO_DILUTE_CONNECTED_ROOT"":34,""TIP_SPEED_LIMIT_EXCEEDED"":1}"
"1.1","0.33","0.3","0.55","0.5","0.2","[]","","{""NO_DILUTE_CONNECTED_ROOT"":35,""ACTUAL_LOADING_EXCEEDS_DESIGN_FLOOD_FRACTION"":35,""TIP_SPEED_LIMIT_EXCEEDED"":9}"
"1.1","0.33","0.3","0.55","0.5","0.3","[]","","{""NO_DILUTE_CONNECTED_ROOT"":35,""ACTUAL_LOADING_EXCEEDS_DESIGN_FLOOD_FRACTION"":35,""TIP_SPEED_LIMIT_EXCEEDED"":9}"
"1.1","0.33","0.3","0.55","0.5","0.4","[]","","{""NO_DILUTE_CONNECTED_ROOT"":35,""ACTUAL_LOADING_EXCEEDS_DESIGN_FLOOD_FRACTION"":35,""TIP_SPEED_LIMIT_EXCEEDED"":9}"
"1.2","0.24","0.2","0.396","0.33","0.2","[[30]]","{""rpmMin"":30,""rpmMax"":30,""widthRpm"":0,""validTrialCount"":1,""edgeMarginRpm"":0}","{""ACTUAL_LOADING_EXCEEDS_DESIGN_FLOOD_FRACTION"":34,""NO_DILUTE_CONNECTED_ROOT"":33}"
"1.2","0.24","0.2","0.396","0.33","0.3","[[30]]","{""rpmMin"":30,""rpmMax"":30,""widthRpm"":0,""validTrialCount"":1,""edgeMarginRpm"":0}","{""ACTUAL_LOADING_EXCEEDS_DESIGN_FLOOD_FRACTION"":34,""NO_DILUTE_CONNECTED_ROOT"":33}"
"1.2","0.24","0.2","0.396","0.33","0.4","[[30,35]]","{""rpmMin"":30,""rpmMax"":35,""widthRpm"":5,""validTrialCount"":2,""edgeMarginRpm"":0}","{""ACTUAL_LOADING_EXCEEDS_DESIGN_FLOOD_FRACTION"":33,""NO_DILUTE_CONNECTED_ROOT"":32}"
"1.2","0.24","0.2","0.48","0.4","0.2","[]","","{""NO_DILUTE_CONNECTED_ROOT"":35,""ACTUAL_LOADING_EXCEEDS_DESIGN_FLOOD_FRACTION"":35,""TIP_SPEED_LIMIT_EXCEEDED"":5}"
"1.2","0.24","0.2","0.48","0.4","0.3","[]","","{""NO_DILUTE_CONNECTED_ROOT"":35,""ACTUAL_LOADING_EXCEEDS_DESIGN_FLOOD_FRACTION"":35,""TIP_SPEED_LIMIT_EXCEEDED"":5}"
"1.2","0.24","0.2","0.48","0.4","0.4","[]","","{""ACTUAL_LOADING_EXCEEDS_DESIGN_FLOOD_FRACTION"":35,""NO_DILUTE_CONNECTED_ROOT"":34,""TIP_SPEED_LIMIT_EXCEEDED"":5}"
"1.2","0.24","0.2","0.6","0.5","0.2","[]","","{""NO_DILUTE_CONNECTED_ROOT"":35,""ACTUAL_LOADING_EXCEEDS_DESIGN_FLOOD_FRACTION"":35,""TIP_SPEED_LIMIT_EXCEEDED"":12}"
"1.2","0.24","0.2","0.6","0.5","0.3","[]","","{""NO_DILUTE_CONNECTED_ROOT"":35,""ACTUAL_LOADING_EXCEEDS_DESIGN_FLOOD_FRACTION"":35,""TIP_SPEED_LIMIT_EXCEEDED"":12}"
"1.2","0.24","0.2","0.6","0.5","0.4","[]","","{""NO_DILUTE_CONNECTED_ROOT"":35,""ACTUAL_LOADING_EXCEEDS_DESIGN_FLOOD_FRACTION"":35,""TIP_SPEED_LIMIT_EXCEEDED"":12}"
"1.2","0.3","0.25","0.396","0.33","0.2","[[30]]","{""rpmMin"":30,""rpmMax"":30,""widthRpm"":0,""validTrialCount"":1,""edgeMarginRpm"":0}","{""ACTUAL_LOADING_EXCEEDS_DESIGN_FLOOD_FRACTION"":34,""NO_DILUTE_CONNECTED_ROOT"":33}"
"1.2","0.3","0.25","0.396","0.33","0.3","[[30,35]]","{""rpmMin"":30,""rpmMax"":35,""widthRpm"":5,""validTrialCount"":2,""edgeMarginRpm"":0}","{""ACTUAL_LOADING_EXCEEDS_DESIGN_FLOOD_FRACTION"":33,""NO_DILUTE_CONNECTED_ROOT"":32}"
"1.2","0.3","0.25","0.396","0.33","0.4","[[30,35]]","{""rpmMin"":30,""rpmMax"":35,""widthRpm"":5,""validTrialCount"":2,""edgeMarginRpm"":0}","{""ACTUAL_LOADING_EXCEEDS_DESIGN_FLOOD_FRACTION"":33,""NO_DILUTE_CONNECTED_ROOT"":32}"
"1.2","0.3","0.25","0.48","0.4","0.2","[]","","{""NO_DILUTE_CONNECTED_ROOT"":35,""ACTUAL_LOADING_EXCEEDS_DESIGN_FLOOD_FRACTION"":35,""TIP_SPEED_LIMIT_EXCEEDED"":5}"
"1.2","0.3","0.25","0.48","0.4","0.3","[]","","{""ACTUAL_LOADING_EXCEEDS_DESIGN_FLOOD_FRACTION"":35,""NO_DILUTE_CONNECTED_ROOT"":34,""TIP_SPEED_LIMIT_EXCEEDED"":5}"
"1.2","0.3","0.25","0.48","0.4","0.4","[]","","{""ACTUAL_LOADING_EXCEEDS_DESIGN_FLOOD_FRACTION"":35,""NO_DILUTE_CONNECTED_ROOT"":34,""TIP_SPEED_LIMIT_EXCEEDED"":5}"
"1.2","0.3","0.25","0.6","0.5","0.2","[]","","{""NO_DILUTE_CONNECTED_ROOT"":35,""ACTUAL_LOADING_EXCEEDS_DESIGN_FLOOD_FRACTION"":35,""TIP_SPEED_LIMIT_EXCEEDED"":12}"
"1.2","0.3","0.25","0.6","0.5","0.3","[]","","{""NO_DILUTE_CONNECTED_ROOT"":35,""ACTUAL_LOADING_EXCEEDS_DESIGN_FLOOD_FRACTION"":35,""TIP_SPEED_LIMIT_EXCEEDED"":12}"
"1.2","0.3","0.25","0.6","0.5","0.4","[]","","{""NO_DILUTE_CONNECTED_ROOT"":35,""ACTUAL_LOADING_EXCEEDS_DESIGN_FLOOD_FRACTION"":35,""TIP_SPEED_LIMIT_EXCEEDED"":12}"
"1.2","0.36","0.3","0.396","0.33","0.2","[[30]]","{""rpmMin"":30,""rpmMax"":30,""widthRpm"":0,""validTrialCount"":1,""edgeMarginRpm"":0}","{""ACTUAL_LOADING_EXCEEDS_DESIGN_FLOOD_FRACTION"":34,""NO_DILUTE_CONNECTED_ROOT"":33}"
"1.2","0.36","0.3","0.396","0.33","0.3","[[30,35]]","{""rpmMin"":30,""rpmMax"":35,""widthRpm"":5,""validTrialCount"":2,""edgeMarginRpm"":0}","{""ACTUAL_LOADING_EXCEEDS_DESIGN_FLOOD_FRACTION"":33,""NO_DILUTE_CONNECTED_ROOT"":32}"
"1.2","0.36","0.3","0.396","0.33","0.4","[[30,35,40]]","{""rpmMin"":30,""rpmMax"":40,""widthRpm"":10,""validTrialCount"":3,""edgeMarginRpm"":0}","{""ACTUAL_LOADING_EXCEEDS_DESIGN_FLOOD_FRACTION"":32,""NO_DILUTE_CONNECTED_ROOT"":31}"
"1.2","0.36","0.3","0.48","0.4","0.2","[]","","{""NO_DILUTE_CONNECTED_ROOT"":35,""ACTUAL_LOADING_EXCEEDS_DESIGN_FLOOD_FRACTION"":35,""TIP_SPEED_LIMIT_EXCEEDED"":5}"
"1.2","0.36","0.3","0.48","0.4","0.3","[]","","{""ACTUAL_LOADING_EXCEEDS_DESIGN_FLOOD_FRACTION"":35,""NO_DILUTE_CONNECTED_ROOT"":34,""TIP_SPEED_LIMIT_EXCEEDED"":5}"
"1.2","0.36","0.3","0.48","0.4","0.4","[]","","{""ACTUAL_LOADING_EXCEEDS_DESIGN_FLOOD_FRACTION"":35,""NO_DILUTE_CONNECTED_ROOT"":34,""TIP_SPEED_LIMIT_EXCEEDED"":5}"
"1.2","0.36","0.3","0.6","0.5","0.2","[]","","{""NO_DILUTE_CONNECTED_ROOT"":35,""ACTUAL_LOADING_EXCEEDS_DESIGN_FLOOD_FRACTION"":35,""TIP_SPEED_LIMIT_EXCEEDED"":12}"
"1.2","0.36","0.3","0.6","0.5","0.3","[]","","{""NO_DILUTE_CONNECTED_ROOT"":35,""ACTUAL_LOADING_EXCEEDS_DESIGN_FLOOD_FRACTION"":35,""TIP_SPEED_LIMIT_EXCEEDED"":12}"
"1.2","0.36","0.3","0.6","0.5","0.4","[]","","{""NO_DILUTE_CONNECTED_ROOT"":35,""ACTUAL_LOADING_EXCEEDS_DESIGN_FLOOD_FRACTION"":35,""TIP_SPEED_LIMIT_EXCEEDED"":12}"
"1.3","0.26","0.2","0.42900000000000005","0.33","0.2","[[30]]","{""rpmMin"":30,""rpmMax"":30,""widthRpm"":0,""validTrialCount"":1,""edgeMarginRpm"":0}","{""ACTUAL_LOADING_EXCEEDS_DESIGN_FLOOD_FRACTION"":34,""NO_DILUTE_CONNECTED_ROOT"":33}"
"1.3","0.26","0.2","0.42900000000000005","0.33","0.3","[[30]]","{""rpmMin"":30,""rpmMax"":30,""widthRpm"":0,""validTrialCount"":1,""edgeMarginRpm"":0}","{""ACTUAL_LOADING_EXCEEDS_DESIGN_FLOOD_FRACTION"":34,""NO_DILUTE_CONNECTED_ROOT"":33}"
"1.3","0.26","0.2","0.42900000000000005","0.33","0.4","[[30,35]]","{""rpmMin"":30,""rpmMax"":35,""widthRpm"":5,""validTrialCount"":2,""edgeMarginRpm"":0}","{""ACTUAL_LOADING_EXCEEDS_DESIGN_FLOOD_FRACTION"":33,""NO_DILUTE_CONNECTED_ROOT"":32}"
"1.3","0.26","0.2","0.52","0.4","0.2","[]","","{""NO_DILUTE_CONNECTED_ROOT"":35,""ACTUAL_LOADING_EXCEEDS_DESIGN_FLOOD_FRACTION"":35,""TIP_SPEED_LIMIT_EXCEEDED"":7}"
"1.3","0.26","0.2","0.52","0.4","0.3","[]","","{""NO_DILUTE_CONNECTED_ROOT"":35,""ACTUAL_LOADING_EXCEEDS_DESIGN_FLOOD_FRACTION"":35,""TIP_SPEED_LIMIT_EXCEEDED"":7}"
"1.3","0.26","0.2","0.52","0.4","0.4","[]","","{""ACTUAL_LOADING_EXCEEDS_DESIGN_FLOOD_FRACTION"":35,""NO_DILUTE_CONNECTED_ROOT"":34,""TIP_SPEED_LIMIT_EXCEEDED"":7}"
"1.3","0.26","0.2","0.65","0.5","0.2","[]","","{""NO_DILUTE_CONNECTED_ROOT"":35,""ACTUAL_LOADING_EXCEEDS_DESIGN_FLOOD_FRACTION"":35,""TIP_SPEED_LIMIT_EXCEEDED"":14}"
"1.3","0.26","0.2","0.65","0.5","0.3","[]","","{""NO_DILUTE_CONNECTED_ROOT"":35,""ACTUAL_LOADING_EXCEEDS_DESIGN_FLOOD_FRACTION"":35,""TIP_SPEED_LIMIT_EXCEEDED"":14}"
"1.3","0.26","0.2","0.65","0.5","0.4","[]","","{""NO_DILUTE_CONNECTED_ROOT"":35,""ACTUAL_LOADING_EXCEEDS_DESIGN_FLOOD_FRACTION"":35,""TIP_SPEED_LIMIT_EXCEEDED"":14}"
"1.3","0.325","0.25","0.42900000000000005","0.33","0.2","[[30]]","{""rpmMin"":30,""rpmMax"":30,""widthRpm"":0,""validTrialCount"":1,""edgeMarginRpm"":0}","{""ACTUAL_LOADING_EXCEEDS_DESIGN_FLOOD_FRACTION"":34,""NO_DILUTE_CONNECTED_ROOT"":33}"
"1.3","0.325","0.25","0.42900000000000005","0.33","0.3","[[30,35]]","{""rpmMin"":30,""rpmMax"":35,""widthRpm"":5,""validTrialCount"":2,""edgeMarginRpm"":0}","{""ACTUAL_LOADING_EXCEEDS_DESIGN_FLOOD_FRACTION"":33,""NO_DILUTE_CONNECTED_ROOT"":32}"
"1.3","0.325","0.25","0.42900000000000005","0.33","0.4","[[30,35]]","{""rpmMin"":30,""rpmMax"":35,""widthRpm"":5,""validTrialCount"":2,""edgeMarginRpm"":0}","{""ACTUAL_LOADING_EXCEEDS_DESIGN_FLOOD_FRACTION"":33,""NO_DILUTE_CONNECTED_ROOT"":31}"
"1.3","0.325","0.25","0.52","0.4","0.2","[]","","{""NO_DILUTE_CONNECTED_ROOT"":35,""ACTUAL_LOADING_EXCEEDS_DESIGN_FLOOD_FRACTION"":35,""TIP_SPEED_LIMIT_EXCEEDED"":7}"
"1.3","0.325","0.25","0.52","0.4","0.3","[]","","{""ACTUAL_LOADING_EXCEEDS_DESIGN_FLOOD_FRACTION"":35,""NO_DILUTE_CONNECTED_ROOT"":34,""TIP_SPEED_LIMIT_EXCEEDED"":7}"
"1.3","0.325","0.25","0.52","0.4","0.4","[]","","{""ACTUAL_LOADING_EXCEEDS_DESIGN_FLOOD_FRACTION"":35,""NO_DILUTE_CONNECTED_ROOT"":34,""TIP_SPEED_LIMIT_EXCEEDED"":7}"
"1.3","0.325","0.25","0.65","0.5","0.2","[]","","{""NO_DILUTE_CONNECTED_ROOT"":35,""ACTUAL_LOADING_EXCEEDS_DESIGN_FLOOD_FRACTION"":35,""TIP_SPEED_LIMIT_EXCEEDED"":14}"
"1.3","0.325","0.25","0.65","0.5","0.3","[]","","{""NO_DILUTE_CONNECTED_ROOT"":35,""ACTUAL_LOADING_EXCEEDS_DESIGN_FLOOD_FRACTION"":35,""TIP_SPEED_LIMIT_EXCEEDED"":14}"
"1.3","0.325","0.25","0.65","0.5","0.4","[]","","{""NO_DILUTE_CONNECTED_ROOT"":35,""ACTUAL_LOADING_EXCEEDS_DESIGN_FLOOD_FRACTION"":35,""TIP_SPEED_LIMIT_EXCEEDED"":14}"
"1.3","0.39","0.3","0.42900000000000005","0.33","0.2","[[30]]","{""rpmMin"":30,""rpmMax"":30,""widthRpm"":0,""validTrialCount"":1,""edgeMarginRpm"":0}","{""ACTUAL_LOADING_EXCEEDS_DESIGN_FLOOD_FRACTION"":34,""NO_DILUTE_CONNECTED_ROOT"":33}"
"1.3","0.39","0.3","0.42900000000000005","0.33","0.3","[[30,35]]","{""rpmMin"":30,""rpmMax"":35,""widthRpm"":5,""validTrialCount"":2,""edgeMarginRpm"":0}","{""ACTUAL_LOADING_EXCEEDS_DESIGN_FLOOD_FRACTION"":33,""NO_DILUTE_CONNECTED_ROOT"":32}"
"1.3","0.39","0.3","0.42900000000000005","0.33","0.4","[[30,35,40]]","{""rpmMin"":30,""rpmMax"":40,""widthRpm"":10,""validTrialCount"":3,""edgeMarginRpm"":0}","{""ACTUAL_LOADING_EXCEEDS_DESIGN_FLOOD_FRACTION"":32,""NO_DILUTE_CONNECTED_ROOT"":31}"
"1.3","0.39","0.3","0.52","0.4","0.2","[]","","{""NO_DILUTE_CONNECTED_ROOT"":35,""ACTUAL_LOADING_EXCEEDS_DESIGN_FLOOD_FRACTION"":35,""TIP_SPEED_LIMIT_EXCEEDED"":7}"
"1.3","0.39","0.3","0.52","0.4","0.3","[]","","{""ACTUAL_LOADING_EXCEEDS_DESIGN_FLOOD_FRACTION"":35,""NO_DILUTE_CONNECTED_ROOT"":34,""TIP_SPEED_LIMIT_EXCEEDED"":7}"
"1.3","0.39","0.3","0.52","0.4","0.4","[]","","{""ACTUAL_LOADING_EXCEEDS_DESIGN_FLOOD_FRACTION"":35,""NO_DILUTE_CONNECTED_ROOT"":34,""TIP_SPEED_LIMIT_EXCEEDED"":7}"
"1.3","0.39","0.3","0.65","0.5","0.2","[]","","{""NO_DILUTE_CONNECTED_ROOT"":35,""ACTUAL_LOADING_EXCEEDS_DESIGN_FLOOD_FRACTION"":35,""TIP_SPEED_LIMIT_EXCEEDED"":14}"
"1.3","0.39","0.3","0.65","0.5","0.3","[]","","{""NO_DILUTE_CONNECTED_ROOT"":35,""ACTUAL_LOADING_EXCEEDS_DESIGN_FLOOD_FRACTION"":35,""TIP_SPEED_LIMIT_EXCEEDED"":14}"
"1.3","0.39","0.3","0.65","0.5","0.4","[]","","{""NO_DILUTE_CONNECTED_ROOT"":35,""ACTUAL_LOADING_EXCEEDS_DESIGN_FLOOD_FRACTION"":35,""TIP_SPEED_LIMIT_EXCEEDED"":14}"
"1.4","0.27999999999999997","0.2","0.46199999999999997","0.33","0.2","[[30]]","{""rpmMin"":30,""rpmMax"":30,""widthRpm"":0,""validTrialCount"":1,""edgeMarginRpm"":0}","{""ACTUAL_LOADING_EXCEEDS_DESIGN_FLOOD_FRACTION"":34,""NO_DILUTE_CONNECTED_ROOT"":33,""TIP_SPEED_LIMIT_EXCEEDED"":3}"
"1.4","0.27999999999999997","0.2","0.46199999999999997","0.33","0.3","[[30]]","{""rpmMin"":30,""rpmMax"":30,""widthRpm"":0,""validTrialCount"":1,""edgeMarginRpm"":0}","{""ACTUAL_LOADING_EXCEEDS_DESIGN_FLOOD_FRACTION"":34,""NO_DILUTE_CONNECTED_ROOT"":33,""TIP_SPEED_LIMIT_EXCEEDED"":3}"
"1.4","0.27999999999999997","0.2","0.46199999999999997","0.33","0.4","[[30,35]]","{""rpmMin"":30,""rpmMax"":35,""widthRpm"":5,""validTrialCount"":2,""edgeMarginRpm"":0}","{""ACTUAL_LOADING_EXCEEDS_DESIGN_FLOOD_FRACTION"":33,""NO_DILUTE_CONNECTED_ROOT"":32,""TIP_SPEED_LIMIT_EXCEEDED"":3}"
"1.4","0.27999999999999997","0.2","0.5599999999999999","0.4","0.2","[]","","{""NO_DILUTE_CONNECTED_ROOT"":35,""ACTUAL_LOADING_EXCEEDS_DESIGN_FLOOD_FRACTION"":35,""TIP_SPEED_LIMIT_EXCEEDED"":10}"
"1.4","0.27999999999999997","0.2","0.5599999999999999","0.4","0.3","[]","","{""NO_DILUTE_CONNECTED_ROOT"":35,""ACTUAL_LOADING_EXCEEDS_DESIGN_FLOOD_FRACTION"":35,""TIP_SPEED_LIMIT_EXCEEDED"":10}"
"1.4","0.27999999999999997","0.2","0.5599999999999999","0.4","0.4","[]","","{""ACTUAL_LOADING_EXCEEDS_DESIGN_FLOOD_FRACTION"":35,""NO_DILUTE_CONNECTED_ROOT"":34,""TIP_SPEED_LIMIT_EXCEEDED"":10}"
"1.4","0.27999999999999997","0.2","0.7","0.5","0.2","[]","","{""NO_DILUTE_CONNECTED_ROOT"":35,""ACTUAL_LOADING_EXCEEDS_DESIGN_FLOOD_FRACTION"":35,""TIP_SPEED_LIMIT_EXCEEDED"":16}"
"1.4","0.27999999999999997","0.2","0.7","0.5","0.3","[]","","{""NO_DILUTE_CONNECTED_ROOT"":35,""ACTUAL_LOADING_EXCEEDS_DESIGN_FLOOD_FRACTION"":35,""TIP_SPEED_LIMIT_EXCEEDED"":16}"
"1.4","0.27999999999999997","0.2","0.7","0.5","0.4","[]","","{""NO_DILUTE_CONNECTED_ROOT"":35,""ACTUAL_LOADING_EXCEEDS_DESIGN_FLOOD_FRACTION"":35,""TIP_SPEED_LIMIT_EXCEEDED"":16}"
"1.4","0.35","0.25","0.46199999999999997","0.33","0.2","[[30]]","{""rpmMin"":30,""rpmMax"":30,""widthRpm"":0,""validTrialCount"":1,""edgeMarginRpm"":0}","{""ACTUAL_LOADING_EXCEEDS_DESIGN_FLOOD_FRACTION"":34,""NO_DILUTE_CONNECTED_ROOT"":33,""TIP_SPEED_LIMIT_EXCEEDED"":3}"
"1.4","0.35","0.25","0.46199999999999997","0.33","0.3","[[30,35]]","{""rpmMin"":30,""rpmMax"":35,""widthRpm"":5,""validTrialCount"":2,""edgeMarginRpm"":0}","{""ACTUAL_LOADING_EXCEEDS_DESIGN_FLOOD_FRACTION"":33,""NO_DILUTE_CONNECTED_ROOT"":32,""TIP_SPEED_LIMIT_EXCEEDED"":3}"
"1.4","0.35","0.25","0.46199999999999997","0.33","0.4","[[30,35]]","{""rpmMin"":30,""rpmMax"":35,""widthRpm"":5,""validTrialCount"":2,""edgeMarginRpm"":0}","{""ACTUAL_LOADING_EXCEEDS_DESIGN_FLOOD_FRACTION"":33,""NO_DILUTE_CONNECTED_ROOT"":31,""TIP_SPEED_LIMIT_EXCEEDED"":3}"
"1.4","0.35","0.25","0.5599999999999999","0.4","0.2","[]","","{""NO_DILUTE_CONNECTED_ROOT"":35,""ACTUAL_LOADING_EXCEEDS_DESIGN_FLOOD_FRACTION"":35,""TIP_SPEED_LIMIT_EXCEEDED"":10}"
"1.4","0.35","0.25","0.5599999999999999","0.4","0.3","[]","","{""ACTUAL_LOADING_EXCEEDS_DESIGN_FLOOD_FRACTION"":35,""NO_DILUTE_CONNECTED_ROOT"":34,""TIP_SPEED_LIMIT_EXCEEDED"":10}"
"1.4","0.35","0.25","0.5599999999999999","0.4","0.4","[]","","{""ACTUAL_LOADING_EXCEEDS_DESIGN_FLOOD_FRACTION"":35,""NO_DILUTE_CONNECTED_ROOT"":34,""TIP_SPEED_LIMIT_EXCEEDED"":10}"
"1.4","0.35","0.25","0.7","0.5","0.2","[]","","{""NO_DILUTE_CONNECTED_ROOT"":35,""ACTUAL_LOADING_EXCEEDS_DESIGN_FLOOD_FRACTION"":35,""TIP_SPEED_LIMIT_EXCEEDED"":16}"
"1.4","0.35","0.25","0.7","0.5","0.3","[]","","{""NO_DILUTE_CONNECTED_ROOT"":35,""ACTUAL_LOADING_EXCEEDS_DESIGN_FLOOD_FRACTION"":35,""TIP_SPEED_LIMIT_EXCEEDED"":16}"
"1.4","0.35","0.25","0.7","0.5","0.4","[]","","{""NO_DILUTE_CONNECTED_ROOT"":35,""ACTUAL_LOADING_EXCEEDS_DESIGN_FLOOD_FRACTION"":35,""TIP_SPEED_LIMIT_EXCEEDED"":16}"
"1.4","0.42","0.3","0.46199999999999997","0.33","0.2","[[30]]","{""rpmMin"":30,""rpmMax"":30,""widthRpm"":0,""validTrialCount"":1,""edgeMarginRpm"":0}","{""ACTUAL_LOADING_EXCEEDS_DESIGN_FLOOD_FRACTION"":34,""NO_DILUTE_CONNECTED_ROOT"":33,""TIP_SPEED_LIMIT_EXCEEDED"":3}"
"1.4","0.42","0.3","0.46199999999999997","0.33","0.3","[[30,35]]","{""rpmMin"":30,""rpmMax"":35,""widthRpm"":5,""validTrialCount"":2,""edgeMarginRpm"":0}","{""ACTUAL_LOADING_EXCEEDS_DESIGN_FLOOD_FRACTION"":33,""NO_DILUTE_CONNECTED_ROOT"":32,""TIP_SPEED_LIMIT_EXCEEDED"":3}"
"1.4","0.42","0.3","0.46199999999999997","0.33","0.4","[[30,35,40]]","{""rpmMin"":30,""rpmMax"":40,""widthRpm"":10,""validTrialCount"":3,""edgeMarginRpm"":0}","{""ACTUAL_LOADING_EXCEEDS_DESIGN_FLOOD_FRACTION"":32,""NO_DILUTE_CONNECTED_ROOT"":31,""TIP_SPEED_LIMIT_EXCEEDED"":3}"
"1.4","0.42","0.3","0.5599999999999999","0.4","0.2","[]","","{""NO_DILUTE_CONNECTED_ROOT"":35,""ACTUAL_LOADING_EXCEEDS_DESIGN_FLOOD_FRACTION"":35,""TIP_SPEED_LIMIT_EXCEEDED"":10}"
"1.4","0.42","0.3","0.5599999999999999","0.4","0.3","[]","","{""ACTUAL_LOADING_EXCEEDS_DESIGN_FLOOD_FRACTION"":35,""NO_DILUTE_CONNECTED_ROOT"":34,""TIP_SPEED_LIMIT_EXCEEDED"":10}"
"1.4","0.42","0.3","0.5599999999999999","0.4","0.4","[]","","{""ACTUAL_LOADING_EXCEEDS_DESIGN_FLOOD_FRACTION"":35,""NO_DILUTE_CONNECTED_ROOT"":34,""TIP_SPEED_LIMIT_EXCEEDED"":10}"
"1.4","0.42","0.3","0.7","0.5","0.2","[]","","{""NO_DILUTE_CONNECTED_ROOT"":35,""ACTUAL_LOADING_EXCEEDS_DESIGN_FLOOD_FRACTION"":35,""TIP_SPEED_LIMIT_EXCEEDED"":16}"
"1.4","0.42","0.3","0.7","0.5","0.3","[]","","{""NO_DILUTE_CONNECTED_ROOT"":35,""ACTUAL_LOADING_EXCEEDS_DESIGN_FLOOD_FRACTION"":35,""TIP_SPEED_LIMIT_EXCEEDED"":16}"
"1.4","0.42","0.3","0.7","0.5","0.4","[]","","{""NO_DILUTE_CONNECTED_ROOT"":35,""ACTUAL_LOADING_EXCEEDS_DESIGN_FLOOD_FRACTION"":35,""TIP_SPEED_LIMIT_EXCEEDED"":16}"
"1.5","0.30000000000000004","0.2","0.495","0.33","0.2","[[30]]","{""rpmMin"":30,""rpmMax"":30,""widthRpm"":0,""validTrialCount"":1,""edgeMarginRpm"":0}","{""ACTUAL_LOADING_EXCEEDS_DESIGN_FLOOD_FRACTION"":34,""NO_DILUTE_CONNECTED_ROOT"":33,""TIP_SPEED_LIMIT_EXCEEDED"":6}"
"1.5","0.30000000000000004","0.2","0.495","0.33","0.3","[[30]]","{""rpmMin"":30,""rpmMax"":30,""widthRpm"":0,""validTrialCount"":1,""edgeMarginRpm"":0}","{""ACTUAL_LOADING_EXCEEDS_DESIGN_FLOOD_FRACTION"":34,""NO_DILUTE_CONNECTED_ROOT"":33,""TIP_SPEED_LIMIT_EXCEEDED"":6}"
"1.5","0.30000000000000004","0.2","0.495","0.33","0.4","[[30,35]]","{""rpmMin"":30,""rpmMax"":35,""widthRpm"":5,""validTrialCount"":2,""edgeMarginRpm"":0}","{""ACTUAL_LOADING_EXCEEDS_DESIGN_FLOOD_FRACTION"":33,""NO_DILUTE_CONNECTED_ROOT"":32,""TIP_SPEED_LIMIT_EXCEEDED"":6}"
"1.5","0.30000000000000004","0.2","0.6000000000000001","0.4","0.2","[]","","{""NO_DILUTE_CONNECTED_ROOT"":35,""ACTUAL_LOADING_EXCEEDS_DESIGN_FLOOD_FRACTION"":35,""TIP_SPEED_LIMIT_EXCEEDED"":12}"
"1.5","0.30000000000000004","0.2","0.6000000000000001","0.4","0.3","[]","","{""NO_DILUTE_CONNECTED_ROOT"":35,""ACTUAL_LOADING_EXCEEDS_DESIGN_FLOOD_FRACTION"":35,""TIP_SPEED_LIMIT_EXCEEDED"":12}"
"1.5","0.30000000000000004","0.2","0.6000000000000001","0.4","0.4","[]","","{""ACTUAL_LOADING_EXCEEDS_DESIGN_FLOOD_FRACTION"":35,""NO_DILUTE_CONNECTED_ROOT"":34,""TIP_SPEED_LIMIT_EXCEEDED"":12}"
"1.5","0.30000000000000004","0.2","0.75","0.5","0.2","[]","","{""NO_DILUTE_CONNECTED_ROOT"":35,""ACTUAL_LOADING_EXCEEDS_DESIGN_FLOOD_FRACTION"":35,""TIP_SPEED_LIMIT_EXCEEDED"":18}"
"1.5","0.30000000000000004","0.2","0.75","0.5","0.3","[]","","{""NO_DILUTE_CONNECTED_ROOT"":35,""ACTUAL_LOADING_EXCEEDS_DESIGN_FLOOD_FRACTION"":35,""TIP_SPEED_LIMIT_EXCEEDED"":18}"
"1.5","0.30000000000000004","0.2","0.75","0.5","0.4","[]","","{""NO_DILUTE_CONNECTED_ROOT"":35,""ACTUAL_LOADING_EXCEEDS_DESIGN_FLOOD_FRACTION"":35,""TIP_SPEED_LIMIT_EXCEEDED"":18}"
"1.5","0.375","0.25","0.495","0.33","0.2","[[30]]","{""rpmMin"":30,""rpmMax"":30,""widthRpm"":0,""validTrialCount"":1,""edgeMarginRpm"":0}","{""ACTUAL_LOADING_EXCEEDS_DESIGN_FLOOD_FRACTION"":34,""NO_DILUTE_CONNECTED_ROOT"":33,""TIP_SPEED_LIMIT_EXCEEDED"":6}"
"1.5","0.375","0.25","0.495","0.33","0.3","[[30,35]]","{""rpmMin"":30,""rpmMax"":35,""widthRpm"":5,""validTrialCount"":2,""edgeMarginRpm"":0}","{""ACTUAL_LOADING_EXCEEDS_DESIGN_FLOOD_FRACTION"":33,""NO_DILUTE_CONNECTED_ROOT"":32,""TIP_SPEED_LIMIT_EXCEEDED"":6}"
"1.5","0.375","0.25","0.495","0.33","0.4","[[30,35]]","{""rpmMin"":30,""rpmMax"":35,""widthRpm"":5,""validTrialCount"":2,""edgeMarginRpm"":0}","{""ACTUAL_LOADING_EXCEEDS_DESIGN_FLOOD_FRACTION"":33,""NO_DILUTE_CONNECTED_ROOT"":31,""TIP_SPEED_LIMIT_EXCEEDED"":6}"
"1.5","0.375","0.25","0.6000000000000001","0.4","0.2","[]","","{""NO_DILUTE_CONNECTED_ROOT"":35,""ACTUAL_LOADING_EXCEEDS_DESIGN_FLOOD_FRACTION"":35,""TIP_SPEED_LIMIT_EXCEEDED"":12}"
"1.5","0.375","0.25","0.6000000000000001","0.4","0.3","[]","","{""ACTUAL_LOADING_EXCEEDS_DESIGN_FLOOD_FRACTION"":35,""NO_DILUTE_CONNECTED_ROOT"":34,""TIP_SPEED_LIMIT_EXCEEDED"":12}"
"1.5","0.375","0.25","0.6000000000000001","0.4","0.4","[]","","{""ACTUAL_LOADING_EXCEEDS_DESIGN_FLOOD_FRACTION"":35,""NO_DILUTE_CONNECTED_ROOT"":34,""TIP_SPEED_LIMIT_EXCEEDED"":12}"
"1.5","0.375","0.25","0.75","0.5","0.2","[]","","{""NO_DILUTE_CONNECTED_ROOT"":35,""ACTUAL_LOADING_EXCEEDS_DESIGN_FLOOD_FRACTION"":35,""TIP_SPEED_LIMIT_EXCEEDED"":18}"
"1.5","0.375","0.25","0.75","0.5","0.3","[]","","{""NO_DILUTE_CONNECTED_ROOT"":35,""ACTUAL_LOADING_EXCEEDS_DESIGN_FLOOD_FRACTION"":35,""TIP_SPEED_LIMIT_EXCEEDED"":18}"
"1.5","0.375","0.25","0.75","0.5","0.4","[]","","{""NO_DILUTE_CONNECTED_ROOT"":35,""ACTUAL_LOADING_EXCEEDS_DESIGN_FLOOD_FRACTION"":35,""TIP_SPEED_LIMIT_EXCEEDED"":18}"
"1.5","0.44999999999999996","0.3","0.495","0.33","0.2","[[30]]","{""rpmMin"":30,""rpmMax"":30,""widthRpm"":0,""validTrialCount"":1,""edgeMarginRpm"":0}","{""ACTUAL_LOADING_EXCEEDS_DESIGN_FLOOD_FRACTION"":34,""NO_DILUTE_CONNECTED_ROOT"":33,""TIP_SPEED_LIMIT_EXCEEDED"":6}"
"1.5","0.44999999999999996","0.3","0.495","0.33","0.3","[[30,35]]","{""rpmMin"":30,""rpmMax"":35,""widthRpm"":5,""validTrialCount"":2,""edgeMarginRpm"":0}","{""ACTUAL_LOADING_EXCEEDS_DESIGN_FLOOD_FRACTION"":33,""NO_DILUTE_CONNECTED_ROOT"":32,""TIP_SPEED_LIMIT_EXCEEDED"":6}"
"1.5","0.44999999999999996","0.3","0.495","0.33","0.4","[[30,35,40]]","{""rpmMin"":30,""rpmMax"":40,""widthRpm"":10,""validTrialCount"":3,""edgeMarginRpm"":0}","{""ACTUAL_LOADING_EXCEEDS_DESIGN_FLOOD_FRACTION"":32,""NO_DILUTE_CONNECTED_ROOT"":31,""TIP_SPEED_LIMIT_EXCEEDED"":6}"
"1.5","0.44999999999999996","0.3","0.6000000000000001","0.4","0.2","[]","","{""NO_DILUTE_CONNECTED_ROOT"":35,""ACTUAL_LOADING_EXCEEDS_DESIGN_FLOOD_FRACTION"":35,""TIP_SPEED_LIMIT_EXCEEDED"":12}"
"1.5","0.44999999999999996","0.3","0.6000000000000001","0.4","0.3","[]","","{""ACTUAL_LOADING_EXCEEDS_DESIGN_FLOOD_FRACTION"":35,""NO_DILUTE_CONNECTED_ROOT"":34,""TIP_SPEED_LIMIT_EXCEEDED"":12}"
"1.5","0.44999999999999996","0.3","0.6000000000000001","0.4","0.4","[]","","{""ACTUAL_LOADING_EXCEEDS_DESIGN_FLOOD_FRACTION"":35,""NO_DILUTE_CONNECTED_ROOT"":34,""TIP_SPEED_LIMIT_EXCEEDED"":12}"
"1.5","0.44999999999999996","0.3","0.75","0.5","0.2","[]","","{""NO_DILUTE_CONNECTED_ROOT"":35,""ACTUAL_LOADING_EXCEEDS_DESIGN_FLOOD_FRACTION"":35,""TIP_SPEED_LIMIT_EXCEEDED"":18}"
"1.5","0.44999999999999996","0.3","0.75","0.5","0.3","[]","","{""NO_DILUTE_CONNECTED_ROOT"":35,""ACTUAL_LOADING_EXCEEDS_DESIGN_FLOOD_FRACTION"":35,""TIP_SPEED_LIMIT_EXCEEDED"":18}"
"1.5","0.44999999999999996","0.3","0.75","0.5","0.4","[]","","{""NO_DILUTE_CONNECTED_ROOT"":35,""ACTUAL_LOADING_EXCEEDS_DESIGN_FLOOD_FRACTION"":35,""TIP_SPEED_LIMIT_EXCEEDED"":18}"
