segment,atom,element,atom_class,area_square_angstrom,native_xtb_charge_electron,native_xtb_raw_sigma,tm_nist_raw_sigma,nist_hsieh_averaged_sigma,pre_probability_partition,left_bin,right_bin,left_weight,right_weight
1,1,O,OH,0.161385165000,-0.001102554000,-0.006831817534158,0.006831817534158,-0.002921961196921,NHB,-0.003,-0.002,0.921961196921065,0.078038803078935
2,1,O,OH,0.161385165000,-0.001134861000,-0.007032003220370,0.007032003220370,-0.003163870733478,NHB,-0.004,-0.003,0.163870733477643,0.836129266522357
3,1,O,OH,0.161385165000,-0.001622828000,-0.010055620663770,0.010055620663770,0.010032568978534,OH,0.010,0.011,0.967431021465898,0.032568978534102
4,1,O,OH,0.161385165000,0.000148917000,0.000922742806007,-0.000922742806007,-0.005277616847997,NHB,-0.006,-0.005,0.277616847997007,0.722383152002993
5,1,O,OH,0.161385165000,-0.001257524000,-0.007792066885454,0.007792066885454,0.005588860428801,OH,0.005,0.006,0.411139571199368,0.588860428800632
6,1,O,OH,0.161385165000,-0.001257524000,-0.007792066885454,0.007792066885454,0.005588860428801,OH,0.005,0.006,0.411139571199367,0.588860428800633
7,1,O,OH,0.412866318000,-0.003702666000,-0.008968195850745,0.008968195850745,0.007274903046408,OH,0.007,0.008,0.725096953592309,0.274903046407691
8,1,O,OH,0.412866318000,-0.003643948000,-0.008825975481972,0.008825975481972,0.007136417128166,OH,0.007,0.008,0.863582871834196,0.136417128165804
9,1,O,OH,0.412866318000,-0.002504576000,-0.006066312243955,0.006066312243955,-0.004067643613701,NHB,-0.005,-0.004,0.067643613700548,0.932356386299452
10,1,O,OH,0.412866318000,-0.002467371000,-0.005976198329649,0.005976198329649,-0.004079960291113,NHB,-0.005,-0.004,0.079960291112531,0.920039708887469
11,1,O,OH,0.412866318000,-0.003702666000,-0.008968195850745,0.008968195850745,0.007274903046408,OH,0.007,0.008,0.725096953592309,0.274903046407691
12,1,O,OH,0.412866318000,-0.003643948000,-0.008825975481972,0.008825975481972,0.007136417128166,OH,0.007,0.008,0.863582871834196,0.136417128165804
13,1,O,OH,0.412866318000,-0.002504576000,-0.006066312243955,0.006066312243955,-0.004067643613701,NHB,-0.005,-0.004,0.067643613700546,0.932356386299454
14,1,O,OH,0.412866318000,-0.002467371000,-0.005976198329649,0.005976198329649,-0.004079960291113,NHB,-0.005,-0.004,0.079960291112531,0.920039708887469
15,1,O,OH,0.346175271000,-0.002890167000,-0.008348854589327,0.008348854589327,0.006623107007538,OH,0.006,0.007,0.376892992462306,0.623107007537694
16,1,O,OH,0.346175271000,-0.002875866000,-0.008307543146258,0.008307543146258,0.006587830112617,OH,0.006,0.007,0.412169887383466,0.587830112616534
17,1,O,OH,0.346175271000,-0.001940544000,-0.005605669042720,0.005605669042720,0.003512490910642,OH,0.003,0.004,0.487509089357610,0.512490910642390
18,1,O,OH,0.346175271000,-0.001939843000,-0.005603644056944,0.005603644056944,0.003493504976730,OH,0.003,0.004,0.506495023269925,0.493504976730075
19,1,O,OH,0.346175271000,-0.002890167000,-0.008348854589327,0.008348854589327,0.006623107007538,OH,0.006,0.007,0.376892992462308,0.623107007537692
20,1,O,OH,0.346175271000,-0.002875866000,-0.008307543146258,0.008307543146258,0.006587830112617,OH,0.006,0.007,0.412169887383465,0.587830112616535
21,1,O,OH,0.346175271000,-0.001940544000,-0.005605669042720,0.005605669042720,0.003512490910642,OH,0.003,0.004,0.487509089357609,0.512490910642391
22,1,O,OH,0.346175271000,-0.001939843000,-0.005603644056944,0.005603644056944,0.003493504976730,OH,0.003,0.004,0.506495023269925,0.493504976730075
23,1,O,OH,0.346175271000,-0.003530718000,-0.010199220729432,0.010199220729432,0.009915559069187,OH,0.009,0.010,0.084440930813397,0.915559069186603
24,1,O,OH,0.346175271000,-0.003552767000,-0.010262913898318,0.010262913898318,0.009897820918155,OH,0.009,0.010,0.102179081844789,0.897820918155211
25,1,O,OH,0.346175271000,-0.000253276000,-0.000731640938038,0.000731640938038,-0.005350037341307,NHB,-0.006,-0.005,0.350037341306931,0.649962658693069
26,1,O,OH,0.346175271000,-0.000124122000,-0.000358552474420,0.000358552474420,-0.005299136518999,NHB,-0.006,-0.005,0.299136518999206,0.700863481000794
27,1,O,OH,0.346175271000,-0.003530718000,-0.010199220729432,0.010199220729432,0.009915559069187,OH,0.009,0.010,0.084440930813398,0.915559069186602
28,1,O,OH,0.346175271000,-0.003552767000,-0.010262913898318,0.010262913898318,0.009897820918155,OH,0.009,0.010,0.102179081844789,0.897820918155211
29,1,O,OH,0.346175271000,-0.000253276000,-0.000731640938038,0.000731640938038,-0.005350037341307,NHB,-0.006,-0.005,0.350037341306930,0.649962658693070
30,1,O,OH,0.346175271000,-0.000124122000,-0.000358552474420,0.000358552474420,-0.005299136518999,NHB,-0.006,-0.005,0.299136518999207,0.700863481000793
31,1,O,OH,0.346175271000,-0.001797754000,-0.005193190128246,0.005193190128246,-0.000534355344214,NHB,-0.001,0.000,0.534355344213711,0.465644655786289
32,1,O,OH,0.346175271000,-0.001849778000,-0.005343472382231,0.005343472382231,-0.000818753359627,NHB,-0.001,0.000,0.818753359626764,0.181246640373236
33,1,O,OH,0.346175271000,-0.001316583000,-0.003803226603093,0.003803226603093,-0.004458032445173,NHB,-0.005,-0.004,0.458032445173333,0.541967554826667
34,1,O,OH,0.346175271000,-0.001020095000,-0.002946758724427,0.002946758724427,-0.004636369158831,NHB,-0.005,-0.004,0.636369158831143,0.363630841168857
35,1,O,OH,0.346175271000,-0.001797754000,-0.005193190128246,0.005193190128246,-0.000534355344214,NHB,-0.001,0.000,0.534355344213712,0.465644655786288
36,1,O,OH,0.346175271000,-0.001849778000,-0.005343472382231,0.005343472382231,-0.000818753359627,NHB,-0.001,0.000,0.818753359626762,0.181246640373238
37,1,O,OH,0.346175271000,-0.001316583000,-0.003803226603093,0.003803226603093,-0.004458032445173,NHB,-0.005,-0.004,0.458032445173333,0.541967554826667
38,1,O,OH,0.346175271000,-0.001020095000,-0.002946758724427,0.002946758724427,-0.004636369158831,NHB,-0.005,-0.004,0.636369158831142,0.363630841168858
39,1,O,OH,0.419150847000,-0.003513811000,-0.008383165691181,0.008383165691181,0.007266390529761,OH,0.007,0.008,0.733609470239295,0.266390529760705
40,1,O,OH,0.419150847000,-0.003412376000,-0.008141164510160,0.008141164510160,0.007088659346923,OH,0.007,0.008,0.911340653076701,0.088659346923299
41,1,O,OH,0.419150847000,-0.003513811000,-0.008383165691181,0.008383165691181,0.007266390529761,OH,0.007,0.008,0.733609470239296,0.266390529760704
42,1,O,OH,0.419150847000,-0.003412376000,-0.008141164510160,0.008141164510160,0.007088659346923,OH,0.007,0.008,0.911340653076700,0.088659346923300
43,1,O,OH,0.419150847000,-0.002165739000,-0.005166967967501,0.005166967967501,0.003123203283324,OH,0.003,0.004,0.876796716676257,0.123203283323743
44,1,O,OH,0.419150847000,-0.002121394000,-0.005061170734077,0.005061170734077,0.002932330495659,OH,0.002,0.003,0.067669504341362,0.932330495658638
45,1,O,OH,0.419150847000,-0.001721524000,-0.004107170514676,0.004107170514676,-0.001434583483207,NHB,-0.002,-0.001,0.434583483207316,0.565416516792684
46,1,O,OH,0.419150847000,-0.001740918000,-0.004153440252979,0.004153440252979,-0.001543525962342,NHB,-0.002,-0.001,0.543525962342070,0.456474037657930
47,1,O,OH,0.419150847000,-0.002165739000,-0.005166967967501,0.005166967967501,0.003123203283324,OH,0.003,0.004,0.876796716676257,0.123203283323743
48,1,O,OH,0.419150847000,-0.002121394000,-0.005061170734077,0.005061170734077,0.002932330495659,OH,0.002,0.003,0.067669504341360,0.932330495658640
49,1,O,OH,0.419150847000,-0.001721524000,-0.004107170514676,0.004107170514676,-0.001434583483207,NHB,-0.002,-0.001,0.434583483207316,0.565416516792684
50,1,O,OH,0.419150847000,-0.001740918000,-0.004153440252979,0.004153440252979,-0.001543525962342,NHB,-0.002,-0.001,0.543525962342070,0.456474037657930
51,1,O,OH,0.419150847000,-0.004012726000,-0.009573465087141,0.009573465087141,0.009055711055077,OH,0.009,0.010,0.944288944923205,0.055711055076795
52,1,O,OH,0.419150847000,-0.004018928000,-0.009588261669432,0.009588261669432,0.009023097668251,OH,0.009,0.010,0.976902331748717,0.023097668251283
53,1,O,OH,0.419150847000,-0.000519473000,-0.001239346177440,0.001239346177440,-0.002136859913994,NHB,-0.003,-0.002,0.136859913993701,0.863140086006299
54,1,O,OH,0.419150847000,-0.000449981000,-0.001073553836812,0.001073553836812,-0.002109624228210,NHB,-0.003,-0.002,0.109624228210170,0.890375771789831
55,1,O,OH,0.419150847000,-0.004012726000,-0.009573465087141,0.009573465087141,0.009055711055077,OH,0.009,0.010,0.944288944923207,0.055711055076793
56,1,O,OH,0.419150847000,-0.004018928000,-0.009588261669432,0.009588261669432,0.009023097668251,OH,0.009,0.010,0.976902331748714,0.023097668251286
57,1,O,OH,0.419150847000,-0.000519473000,-0.001239346177440,0.001239346177440,-0.002136859913994,NHB,-0.003,-0.002,0.136859913993701,0.863140086006299
58,1,O,OH,0.419150847000,-0.000449981000,-0.001073553836812,0.001073553836812,-0.002109624228210,NHB,-0.003,-0.002,0.109624228210169,0.890375771789831
59,1,O,OH,0.404508178000,-0.003347359000,-0.008275133067891,0.008275133067891,0.007077361781753,OH,0.007,0.008,0.922638218246875,0.077361781753125
60,1,O,OH,0.404508178000,-0.003306752000,-0.008174746963954,0.008174746963954,0.006989778827987,OH,0.006,0.007,0.010221172013014,0.989778827986986
61,1,O,OH,0.404508178000,-0.001412260000,-0.003491301478706,0.003491301478706,-0.000195323201134,NHB,-0.001,0.000,0.195323201133976,0.804676798866024
62,1,O,OH,0.404508178000,-0.001405329000,-0.003474167090881,0.003474167090881,-0.000213617011500,NHB,-0.001,0.000,0.213617011499744,0.786382988500256
63,1,O,OH,0.404508178000,-0.003347359000,-0.008275133067891,0.008275133067891,0.007077361781753,OH,0.007,0.008,0.922638218246876,0.077361781753124
64,1,O,OH,0.404508178000,-0.003306752000,-0.008174746963954,0.008174746963954,0.006989778827987,OH,0.006,0.007,0.010221172013015,0.989778827986985
65,1,O,OH,0.404508178000,-0.001412260000,-0.003491301478706,0.003491301478706,-0.000195323201134,NHB,-0.001,0.000,0.195323201133976,0.804676798866024
66,1,O,OH,0.404508178000,-0.001405329000,-0.003474167090881,0.003474167090881,-0.000213617011500,NHB,-0.001,0.000,0.213617011499744,0.786382988500256
67,1,O,OH,0.404508178000,-0.004217209000,-0.010425522225165,0.010425522225165,0.009266354058502,OH,0.009,0.010,0.733645941497978,0.266354058502022
68,1,O,OH,0.404508178000,-0.004216169000,-0.010422951201743,0.010422951201743,0.009203856247477,OH,0.009,0.010,0.796143752523331,0.203856247476669
69,1,O,OH,0.404508178000,-0.001848882000,-0.004570691275369,0.004570691275369,-0.005212381579751,NHB,-0.006,-0.005,0.212381579750621,0.787618420249379
70,1,O,OH,0.404508178000,-0.001691196000,-0.004180869737571,0.004180869737571,-0.005166844875159,NHB,-0.006,-0.005,0.166844875158807,0.833155124841193
71,1,O,OH,0.404508178000,-0.004217209000,-0.010425522225165,0.010425522225165,0.009266354058502,OH,0.009,0.010,0.733645941497978,0.266354058502022
72,1,O,OH,0.404508178000,-0.004216169000,-0.010422951201743,0.010422951201743,0.009203856247477,OH,0.009,0.010,0.796143752523331,0.203856247476669
73,1,O,OH,0.404508178000,-0.001848882000,-0.004570691275369,0.004570691275369,-0.005212381579751,NHB,-0.006,-0.005,0.212381579750622,0.787618420249378
74,1,O,OH,0.404508178000,-0.001691196000,-0.004180869737571,0.004180869737571,-0.005166844875159,NHB,-0.006,-0.005,0.166844875158808,0.833155124841192
75,1,O,OH,0.404508178000,-0.002340213000,-0.005785329264715,0.005785329264715,0.003420870862616,OH,0.003,0.004,0.579129137383674,0.420870862616326
76,1,O,OH,0.404508178000,-0.002301154000,-0.005688770030256,0.005688770030256,0.003161689993598,OH,0.003,0.004,0.838310006402158,0.161689993597842
77,1,O,OH,0.404508178000,-0.000837054000,-0.002069312922519,0.002069312922519,-0.005074427761399,NHB,-0.006,-0.005,0.074427761399313,0.925572238600687
78,1,O,OH,0.404508178000,-0.000714023000,-0.001765163323843,0.001765163323843,-0.005168870669802,NHB,-0.006,-0.005,0.168870669801731,0.831129330198269
79,1,O,OH,0.404508178000,-0.002340213000,-0.005785329264715,0.005785329264715,0.003420870862616,OH,0.003,0.004,0.579129137383674,0.420870862616326
80,1,O,OH,0.404508178000,-0.002301154000,-0.005688770030256,0.005688770030256,0.003161689993598,OH,0.003,0.004,0.838310006402156,0.161689993597844
81,1,O,OH,0.404508178000,-0.000837054000,-0.002069312922519,0.002069312922519,-0.005074427761399,NHB,-0.006,-0.005,0.074427761399313,0.925572238600687
82,1,O,OH,0.404508178000,-0.000714023000,-0.001765163323843,0.001765163323843,-0.005168870669802,NHB,-0.006,-0.005,0.168870669801731,0.831129330198269
83,1,O,OH,0.408703771000,-0.004225655000,-0.010339163227344,0.010339163227344,0.009237298102322,OH,0.009,0.010,0.762701897677902,0.237298102322098
84,1,O,OH,0.408703771000,-0.004187515000,-0.010245843804558,0.010245843804558,0.009151641859478,OH,0.009,0.010,0.848358140522145,0.151641859477855
85,1,O,OH,0.408703771000,-0.000439185000,-0.001074580248979,0.001074580248979,-0.006748368285665,NHB,-0.007,-0.006,0.748368285664694,0.251631714335306
86,1,O,OH,0.408703771000,-0.000660435000,-0.001615925878012,0.001615925878012,-0.006700511878899,NHB,-0.007,-0.006,0.700511878899311,0.299488121100689
87,1,O,OH,0.408703771000,-0.002129261000,-0.005209790442575,0.005209790442575,0.003649448672585,OH,0.003,0.004,0.350551327414929,0.649448672585071
88,1,O,OH,0.408703771000,-0.002088941000,-0.005111137083196,0.005111137083196,0.003369344125477,OH,0.003,0.004,0.630655874522569,0.369344125477431
89,1,O,OH,0.408703771000,-0.002003342000,-0.004901696882068,0.004901696882068,0.003145345494878,OH,0.003,0.004,0.854654505121718,0.145345494878282
90,1,O,OH,0.408703771000,-0.001985567000,-0.004858205724752,0.004858205724752,0.003050708139949,OH,0.003,0.004,0.949291860050797,0.050708139949203
91,1,O,OH,0.408703771000,-0.002003342000,-0.004901696882068,0.004901696882068,0.003145345494878,OH,0.003,0.004,0.854654505121717,0.145345494878283
92,1,O,OH,0.408703771000,-0.001985567000,-0.004858205724752,0.004858205724752,0.003050708139949,OH,0.003,0.004,0.949291860050796,0.050708139949204
93,1,O,OH,0.408703771000,-0.002005374000,-0.004906668698195,0.004906668698195,-0.001418515140032,NHB,-0.002,-0.001,0.418515140031935,0.581484859968065
94,1,O,OH,0.408703771000,-0.002036953000,-0.004983934929242,0.004983934929242,-0.001633207654181,NHB,-0.002,-0.001,0.633207654180518,0.366792345819482
95,1,O,OH,0.408703771000,-0.002005374000,-0.004906668698195,0.004906668698195,-0.001418515140032,NHB,-0.002,-0.001,0.418515140031936,0.581484859968064
96,1,O,OH,0.408703771000,-0.002036953000,-0.004983934929242,0.004983934929242,-0.001633207654181,NHB,-0.002,-0.001,0.633207654180518,0.366792345819482
97,1,O,OH,0.408703771000,-0.003797899000,-0.009292546997321,0.009292546997321,0.008430173093918,OH,0.008,0.009,0.569826906081726,0.430173093918274
98,1,O,OH,0.408703771000,-0.001003997000,-0.002456539604573,0.002456539604573,0.000919156093300,OH,0.000,0.001,0.080843906700380,0.919156093299620
99,1,O,OH,0.408703771000,-0.003797899000,-0.009292546997321,0.009292546997321,0.008430173093918,OH,0.008,0.009,0.569826906081724,0.430173093918276
100,1,O,OH,0.408703771000,-0.001003997000,-0.002456539604573,0.002456539604573,0.000919156093300,OH,0.000,0.001,0.080843906700380,0.919156093299620
101,1,O,OH,0.408703771000,-0.003932065000,-0.009620818986767,0.009620818986767,0.009715808727686,OH,0.009,0.010,0.284191272313855,0.715808727686145
102,1,O,OH,0.408703771000,0.000381810000,0.000934197399417,-0.000934197399417,-0.003750967209516,NHB,-0.004,-0.003,0.750967209516327,0.249032790483673
103,1,O,OH,0.408703771000,-0.003932065000,-0.009620818986767,0.009620818986767,0.009715808727686,OH,0.009,0.010,0.284191272313855,0.715808727686145
104,1,O,OH,0.408703771000,0.000381810000,0.000934197399417,-0.000934197399417,-0.003750967209516,NHB,-0.004,-0.003,0.750967209516327,0.249032790483673
105,2,H,OH,0.070423299000,0.000918558000,0.013043382134086,-0.013043382134086,-0.006143933475815,OH,-0.007,-0.006,0.143933475815040,0.856066524184960
106,2,H,OH,0.070423299000,0.000962110000,0.013661813826700,-0.013661813826700,-0.006463995859938,OH,-0.007,-0.006,0.463995859938090,0.536004140061910
107,2,H,OH,0.070423299000,0.000083782000,0.001189691496844,-0.001189691496844,-0.000977486790794,OH,-0.001,0.000,0.977486790794242,0.022513209205758
108,2,H,OH,0.070423299000,0.000083782000,0.001189691496844,-0.001189691496844,-0.000977486790794,OH,-0.001,0.000,0.977486790794242,0.022513209205758
109,2,H,OH,0.180161591000,0.001376384000,0.007639719389467,-0.007639719389467,-0.000978436919644,OH,-0.001,0.000,0.978436919643737,0.021563080356263
110,2,H,OH,0.180161591000,0.002219378000,0.012318818831923,-0.012318818831923,-0.006860791758540,OH,-0.007,-0.006,0.860791758539867,0.139208241460133
111,2,H,OH,0.180161591000,0.001376384000,0.007639719389467,-0.007639719389467,-0.000978436919644,OH,-0.001,0.000,0.978436919643737,0.021563080356263
112,2,H,OH,0.180161591000,0.002219378000,0.012318818831923,-0.012318818831923,-0.006860791758540,OH,-0.007,-0.006,0.860791758539867,0.139208241460133
113,2,H,OH,0.151059761000,0.000415370000,0.002749706455580,-0.002749706455580,-0.000853920999916,OH,-0.001,0.000,0.853920999915827,0.146079000084173
114,2,H,OH,0.151059761000,0.000045710000,0.000302595474118,-0.000302595474118,-0.001367730138528,OH,-0.002,-0.001,0.367730138528335,0.632269861471666
115,2,H,OH,0.151059761000,0.002140174000,0.014167730610934,-0.014167730610934,-0.002679580751430,OH,-0.003,-0.002,0.679580751429864,0.320419248570136
116,2,H,OH,0.151059761000,0.000415370000,0.002749706455580,-0.002749706455580,-0.000853920999916,OH,-0.001,0.000,0.853920999915827,0.146079000084173
117,2,H,OH,0.151059761000,0.000045710000,0.000302595474118,-0.000302595474118,-0.001367730138528,OH,-0.002,-0.001,0.367730138528333,0.632269861471667
118,2,H,OH,0.151059761000,0.002140174000,0.014167730610934,-0.014167730610934,-0.002679580751430,OH,-0.003,-0.002,0.679580751429863,0.320419248570137
119,2,H,OH,0.151059761000,0.002420570000,0.016023923141253,-0.016023923141253,-0.005807472705401,OH,-0.006,-0.005,0.807472705401174,0.192527294598826
120,2,H,OH,0.151059761000,0.001906131000,0.012618390148254,-0.012618390148254,-0.007023428827114,OH,-0.008,-0.007,0.023428827113814,0.976571172886186
121,2,H,OH,0.151059761000,0.002420570000,0.016023923141253,-0.016023923141253,-0.005807472705401,OH,-0.006,-0.005,0.807472705401174,0.192527294598826
122,2,H,OH,0.151059761000,0.001906131000,0.012618390148254,-0.012618390148254,-0.007023428827114,OH,-0.008,-0.007,0.023428827113813,0.976571172886187
123,2,H,OH,0.151059761000,0.001950130000,0.012909658979270,-0.012909658979270,-0.004959434922959,OH,-0.005,-0.004,0.959434922959356,0.040565077040644
124,2,H,OH,0.151059761000,0.001927463000,0.012759605782774,-0.012759605782774,-0.006994658461564,OH,-0.007,-0.006,0.994658461563596,0.005341538436404
125,2,H,OH,0.151059761000,0.001950130000,0.012909658979270,-0.012909658979270,-0.004959434922959,OH,-0.005,-0.004,0.959434922959356,0.040565077040644
126,2,H,OH,0.151059761000,0.001927463000,0.012759605782774,-0.012759605782774,-0.006994658461564,OH,-0.007,-0.006,0.994658461563594,0.005341538436406
127,2,H,OH,0.182903957000,0.001661016000,0.009081356287989,-0.009081356287989,-0.001059125014583,OH,-0.002,-0.001,0.059125014582903,0.940874985417097
128,2,H,OH,0.182903957000,0.002274511000,0.012435548346283,-0.012435548346283,-0.008433285489073,OH,-0.009,-0.008,0.433285489073055,0.566714510926945
129,2,H,OH,0.182903957000,0.001661016000,0.009081356287989,-0.009081356287989,-0.001059125014583,OH,-0.002,-0.001,0.059125014582904,0.940874985417096
130,2,H,OH,0.182903957000,0.002274511000,0.012435548346283,-0.012435548346283,-0.008433285489073,OH,-0.009,-0.008,0.433285489073055,0.566714510926945
131,2,H,OH,0.182903957000,0.002624627000,0.014349755155926,-0.014349755155926,-0.003289244578753,OH,-0.004,-0.003,0.289244578753313,0.710755421246687
132,2,H,OH,0.182903957000,0.002204503000,0.012052790088079,-0.012052790088079,-0.005426042867652,OH,-0.006,-0.005,0.426042867652233,0.573957132347767
133,2,H,OH,0.182903957000,0.002624627000,0.014349755155926,-0.014349755155926,-0.003289244578753,OH,-0.004,-0.003,0.289244578753313,0.710755421246687
134,2,H,OH,0.182903957000,0.002204503000,0.012052790088079,-0.012052790088079,-0.005426042867652,OH,-0.006,-0.005,0.426042867652233,0.573957132347767
135,2,H,OH,0.182903957000,0.002548901000,0.013935734588837,-0.013935734588837,-0.004165293867998,OH,-0.005,-0.004,0.165293867998331,0.834706132001669
136,2,H,OH,0.182903957000,0.002811408000,0.015370952308047,-0.015370952308047,-0.005546045183814,OH,-0.006,-0.005,0.546045183814432,0.453954816185568
137,2,H,OH,0.182903957000,0.002548901000,0.013935734588837,-0.013935734588837,-0.004165293867998,OH,-0.005,-0.004,0.165293867998332,0.834706132001668
138,2,H,OH,0.182903957000,0.002811408000,0.015370952308047,-0.015370952308047,-0.005546045183814,OH,-0.006,-0.005,0.546045183814432,0.453954816185568
139,2,H,OH,0.176514367000,0.000924860000,0.005239573501686,-0.005239573501686,-0.000886166848633,OH,-0.001,0.000,0.886166848632961,0.113833151367039
140,2,H,OH,0.176514367000,0.000000616000,0.000003489800918,-0.000003489800918,-0.002326454705868,OH,-0.003,-0.002,0.326454705867734,0.673545294132266
141,2,H,OH,0.176514367000,0.002620445000,0.014845505465286,-0.014845505465286,-0.004765810472877,OH,-0.005,-0.004,0.765810472877262,0.234189527122738
142,2,H,OH,0.176514367000,0.000924860000,0.005239573501686,-0.005239573501686,-0.000886166848633,OH,-0.001,0.000,0.886166848632961,0.113833151367039
143,2,H,OH,0.176514367000,0.000000616000,0.000003489800918,-0.000003489800918,-0.002326454705868,OH,-0.003,-0.002,0.326454705867734,0.673545294132266
144,2,H,OH,0.176514367000,0.002620445000,0.014845505465286,-0.014845505465286,-0.004765810472877,OH,-0.005,-0.004,0.765810472877263,0.234189527122737
145,2,H,OH,0.176514367000,0.001888195000,0.010697117929216,-0.010697117929216,-0.004933979086062,OH,-0.005,-0.004,0.933979086062126,0.066020913937874
146,2,H,OH,0.176514367000,0.002245120000,0.012719191293930,-0.012719191293930,-0.007346300779621,OH,-0.008,-0.007,0.346300779620639,0.653699220379361
147,2,H,OH,0.176514367000,0.001888195000,0.010697117929216,-0.010697117929216,-0.004933979086062,OH,-0.005,-0.004,0.933979086062126,0.066020913937874
148,2,H,OH,0.176514367000,0.002245120000,0.012719191293930,-0.012719191293930,-0.007346300779621,OH,-0.008,-0.007,0.346300779620639,0.653699220379361
149,2,H,OH,0.176514367000,0.002518860000,0.014269999903181,-0.014269999903181,-0.003192817056944,OH,-0.004,-0.003,0.192817056944482,0.807182943055518
150,2,H,OH,0.176514367000,0.002047730000,0.011600925379632,-0.011600925379632,-0.007377215595604,OH,-0.008,-0.007,0.377215595603956,0.622784404396044
151,2,H,OH,0.176514367000,0.002518860000,0.014269999903181,-0.014269999903181,-0.003192817056944,OH,-0.004,-0.003,0.192817056944482,0.807182943055518
152,2,H,OH,0.176514367000,0.002047730000,0.011600925379632,-0.011600925379632,-0.007377215595604,OH,-0.008,-0.007,0.377215595603956,0.622784404396044
153,2,H,OH,0.178345189000,0.001493520000,0.008374321776631,-0.008374321776631,-0.005352937523096,OH,-0.006,-0.005,0.352937523096424,0.647062476903576
154,2,H,OH,0.178345189000,0.002126240000,0.011922048539252,-0.011922048539252,-0.008194773433907,OH,-0.009,-0.008,0.194773433906770,0.805226566093230
155,2,H,OH,0.178345189000,0.002608953000,0.014628670471173,-0.014628670471173,-0.003075809520309,OH,-0.004,-0.003,0.075809520308803,0.924190479691197
156,2,H,OH,0.178345189000,0.002397010000,0.013440284054985,-0.013440284054985,-0.008345183959662,OH,-0.009,-0.008,0.345183959662401,0.654816040337600
157,2,H,OH,0.178345189000,0.002739232000,0.015359158356663,-0.015359158356663,-0.003193837346910,OH,-0.004,-0.003,0.193837346910057,0.806162653089943
158,2,H,OH,0.178345189000,0.002739232000,0.015359158356663,-0.015359158356663,-0.003193837346910,OH,-0.004,-0.003,0.193837346910058,0.806162653089942
159,2,H,OH,0.178345189000,0.002079804000,0.011661677063798,-0.011661677063798,-0.005389336248797,OH,-0.006,-0.005,0.389336248797490,0.610663751202510
160,2,H,OH,0.178345189000,0.002079804000,0.011661677063798,-0.011661677063798,-0.005389336248797,OH,-0.006,-0.005,0.389336248797489,0.610663751202511
161,2,H,OH,0.178345189000,0.002742763000,0.015378957040439,-0.015378957040439,-0.003492521630814,OH,-0.004,-0.003,0.492521630813657,0.507478369186342
162,2,H,OH,0.178345189000,0.002742763000,0.015378957040439,-0.015378957040439,-0.003492521630814,OH,-0.004,-0.003,0.492521630813657,0.507478369186343
163,2,H,OH,0.178345189000,0.002769823000,0.015530685271247,-0.015530685271247,-0.005773481766196,OH,-0.006,-0.005,0.773481766196042,0.226518233803958
164,2,H,OH,0.178345189000,0.002769823000,0.015530685271247,-0.015530685271247,-0.005773481766196,OH,-0.006,-0.005,0.773481766196041,0.226518233803959
165,3,H,OH,0.070423299000,0.000938768000,0.013330361021570,-0.013330361021570,-0.006057807589470,OH,-0.007,-0.006,0.057807589470282,0.942192410529718
166,3,H,OH,0.070423299000,0.000933155000,0.013250657286021,-0.013250657286021,-0.006501108130960,OH,-0.007,-0.006,0.501108130959503,0.498891869040497
167,3,H,OH,0.070423299000,0.000083923000,0.001191693675129,-0.001191693675129,-0.000965988003030,OH,-0.001,0.000,0.965988003030482,0.034011996969518
168,3,H,OH,0.070423299000,0.000083923000,0.001191693675129,-0.001191693675129,-0.000965988003030,OH,-0.001,0.000,0.965988003030482,0.034011996969518
169,3,H,OH,0.180161591000,0.001190350000,0.006607124156669,-0.006607124156669,-0.000829434606557,OH,-0.001,0.000,0.829434606557471,0.170565393442529
170,3,H,OH,0.180161591000,0.002247363000,0.012474151607598,-0.012474151607598,-0.006853594234395,OH,-0.007,-0.006,0.853594234394772,0.146405765605228
171,3,H,OH,0.180161591000,0.001190350000,0.006607124156669,-0.006607124156669,-0.000829434606557,OH,-0.001,0.000,0.829434606557470,0.170565393442530
172,3,H,OH,0.180161591000,0.002247363000,0.012474151607598,-0.012474151607598,-0.006853594234395,OH,-0.007,-0.006,0.853594234394772,0.146405765605228
173,3,H,OH,0.151059761000,0.000378986000,0.002508848137261,-0.002508848137261,-0.000802308056867,OH,-0.001,0.000,0.802308056866948,0.197691943133052
174,3,H,OH,0.151059761000,0.002150045000,0.014233075610387,-0.014233075610387,-0.002665504921627,OH,-0.003,-0.002,0.665504921627401,0.334495078372599
175,3,H,OH,0.151059761000,0.000058137000,0.000384860929311,-0.000384860929311,-0.001388603059922,OH,-0.002,-0.001,0.388603059922105,0.611396940077895
176,3,H,OH,0.151059761000,0.000378986000,0.002508848137261,-0.002508848137261,-0.000802308056867,OH,-0.001,0.000,0.802308056866949,0.197691943133051
177,3,H,OH,0.151059761000,0.002150045000,0.014233075610387,-0.014233075610387,-0.002665504921627,OH,-0.003,-0.002,0.665504921627400,0.334495078372600
178,3,H,OH,0.151059761000,0.000058137000,0.000384860929311,-0.000384860929311,-0.001388603059922,OH,-0.002,-0.001,0.388603059922105,0.611396940077895
179,3,H,OH,0.151059761000,0.001870300000,0.012381192632762,-0.012381192632762,-0.007046629569667,OH,-0.008,-0.007,0.046629569666667,0.953370430333333
180,3,H,OH,0.151059761000,0.002382581000,0.015772439888873,-0.015772439888873,-0.005847895862801,OH,-0.006,-0.005,0.847895862801213,0.152104137198787
181,3,H,OH,0.151059761000,0.001870300000,0.012381192632762,-0.012381192632762,-0.007046629569667,OH,-0.008,-0.007,0.046629569666669,0.953370430333331
182,3,H,OH,0.151059761000,0.002382581000,0.015772439888873,-0.015772439888873,-0.005847895862801,OH,-0.006,-0.005,0.847895862801213,0.152104137198787
183,3,H,OH,0.151059761000,0.001999673000,0.013237628517101,-0.013237628517101,-0.004838027557726,OH,-0.005,-0.004,0.838027557726189,0.161972442273811
184,3,H,OH,0.151059761000,0.001950145000,0.012909758277719,-0.012909758277719,-0.006942016652085,OH,-0.007,-0.006,0.942016652085160,0.057983347914840
185,3,H,OH,0.151059761000,0.001999673000,0.013237628517101,-0.013237628517101,-0.004838027557726,OH,-0.005,-0.004,0.838027557726188,0.161972442273812
186,3,H,OH,0.151059761000,0.001950145000,0.012909758277719,-0.012909758277719,-0.006942016652085,OH,-0.007,-0.006,0.942016652085160,0.057983347914840
187,3,H,OH,0.182903957000,0.001442503000,0.007886669176873,-0.007886669176873,-0.000883818182808,OH,-0.001,0.000,0.883818182808030,0.116181817191970
188,3,H,OH,0.182903957000,0.002265395000,0.012385707981156,-0.012385707981156,-0.008425786477497,OH,-0.009,-0.008,0.425786477496765,0.574213522503235
189,3,H,OH,0.182903957000,0.001442503000,0.007886669176873,-0.007886669176873,-0.000883818182808,OH,-0.001,0.000,0.883818182808029,0.116181817191971
190,3,H,OH,0.182903957000,0.002265395000,0.012385707981156,-0.012385707981156,-0.008425786477497,OH,-0.009,-0.008,0.425786477496765,0.574213522503235
191,3,H,OH,0.182903957000,0.002657860000,0.014531451607687,-0.014531451607687,-0.003178924613943,OH,-0.004,-0.003,0.178924613943176,0.821075386056824
192,3,H,OH,0.182903957000,0.002228237000,0.012182552179557,-0.012182552179557,-0.005378737328560,OH,-0.006,-0.005,0.378737328560455,0.621262671439545
193,3,H,OH,0.182903957000,0.002657860000,0.014531451607687,-0.014531451607687,-0.003178924613943,OH,-0.004,-0.003,0.178924613943175,0.821075386056826
194,3,H,OH,0.182903957000,0.002228237000,0.012182552179557,-0.012182552179557,-0.005378737328560,OH,-0.006,-0.005,0.378737328560455,0.621262671439545
195,3,H,OH,0.182903957000,0.002831411000,0.015480315715641,-0.015480315715641,-0.005564401440207,OH,-0.006,-0.005,0.564401440207434,0.435598559792566
196,3,H,OH,0.182903957000,0.002656930000,0.014526366971929,-0.014526366971929,-0.004204780190436,OH,-0.005,-0.004,0.204780190435819,0.795219809564181
197,3,H,OH,0.182903957000,0.002831411000,0.015480315715641,-0.015480315715641,-0.005564401440207,OH,-0.006,-0.005,0.564401440207434,0.435598559792566
198,3,H,OH,0.182903957000,0.002656930000,0.014526366971929,-0.014526366971929,-0.004204780190436,OH,-0.005,-0.004,0.204780190435820,0.795219809564180
199,3,H,OH,0.176514367000,0.000807886000,0.004576885234503,-0.004576885234503,-0.000783299267920,OH,-0.001,0.000,0.783299267920273,0.216700732079727
200,3,H,OH,0.176514367000,0.002638403000,0.014947242226464,-0.014947242226464,-0.004754496751400,OH,-0.005,-0.004,0.754496751399844,0.245503248600156
201,3,H,OH,0.176514367000,0.000004317000,0.000024456932732,-0.000024456932732,-0.002367515001441,OH,-0.003,-0.002,0.367515001440528,0.632484998559472
202,3,H,OH,0.176514367000,0.000807886000,0.004576885234503,-0.004576885234503,-0.000783299267920,OH,-0.001,0.000,0.783299267920273,0.216700732079727
203,3,H,OH,0.176514367000,0.002638403000,0.014947242226464,-0.014947242226464,-0.004754496751400,OH,-0.005,-0.004,0.754496751399845,0.245503248600155
204,3,H,OH,0.176514367000,0.000004317000,0.000024456932732,-0.000024456932732,-0.002367515001441,OH,-0.003,-0.002,0.367515001440528,0.632484998559472
205,3,H,OH,0.176514367000,0.002265178000,0.012832825103693,-0.012832825103693,-0.007352855521647,OH,-0.008,-0.007,0.352855521647265,0.647144478352735
206,3,H,OH,0.176514367000,0.002116984000,0.011993267380893,-0.011993267380893,-0.004965703740361,OH,-0.005,-0.004,0.965703740360728,0.034296259639272
207,3,H,OH,0.176514367000,0.002265178000,0.012832825103693,-0.012832825103693,-0.007352855521647,OH,-0.008,-0.007,0.352855521647264,0.647144478352736
208,3,H,OH,0.176514367000,0.002116984000,0.011993267380893,-0.011993267380893,-0.004965703740361,OH,-0.005,-0.004,0.965703740360728,0.034296259639272
209,3,H,OH,0.176514367000,0.002560098000,0.014503623945806,-0.014503623945806,-0.003042716370880,OH,-0.004,-0.003,0.042716370879816,0.957283629120184
210,3,H,OH,0.176514367000,0.002053166000,0.011631721739681,-0.011631721739681,-0.007351806458566,OH,-0.008,-0.007,0.351806458566101,0.648193541433900
211,3,H,OH,0.176514367000,0.002560098000,0.014503623945806,-0.014503623945806,-0.003042716370880,OH,-0.004,-0.003,0.042716370879815,0.957283629120185
212,3,H,OH,0.176514367000,0.002053166000,0.011631721739681,-0.011631721739681,-0.007351806458566,OH,-0.008,-0.007,0.351806458566098,0.648193541433902
213,3,H,OH,0.178345189000,0.002117413000,0.011872554633363,-0.011872554633363,-0.008193149329336,OH,-0.009,-0.008,0.193149329335772,0.806850670664228
214,3,H,OH,0.178345189000,0.001792545000,0.010050986012300,-0.010050986012300,-0.005372471669531,OH,-0.006,-0.005,0.372471669531023,0.627528330468977
215,3,H,OH,0.178345189000,0.002651079000,0.014864875328933,-0.014864875328933,-0.002909896692527,OH,-0.003,-0.002,0.909896692527235,0.090103307472765
216,3,H,OH,0.178345189000,0.002373593000,0.013308982503587,-0.013308982503587,-0.008330560241646,OH,-0.009,-0.008,0.330560241646497,0.669439758353503
217,3,H,OH,0.178345189000,0.002751419000,0.015427492131565,-0.015427492131565,-0.003132752235325,OH,-0.004,-0.003,0.132752235325378,0.867247764674622
218,3,H,OH,0.178345189000,0.002751419000,0.015427492131565,-0.015427492131565,-0.003132752235325,OH,-0.004,-0.003,0.132752235325378,0.867247764674622
219,3,H,OH,0.178345189000,0.002126786000,0.011925110017966,-0.011925110017966,-0.005302653915674,OH,-0.006,-0.005,0.302653915674266,0.697346084325734
220,3,H,OH,0.178345189000,0.002126786000,0.011925110017966,-0.011925110017966,-0.005302653915674,OH,-0.006,-0.005,0.302653915674266,0.697346084325734
221,3,H,OH,0.178345189000,0.002784819000,0.015614769400928,-0.015614769400928,-0.003515095220045,OH,-0.004,-0.003,0.515095220045243,0.484904779954757
222,3,H,OH,0.178345189000,0.002784819000,0.015614769400928,-0.015614769400928,-0.003515095220045,OH,-0.004,-0.003,0.515095220045243,0.484904779954757
223,3,H,OH,0.178345189000,0.002739740000,0.015362006765431,-0.015362006765431,-0.005809187505056,OH,-0.006,-0.005,0.809187505055959,0.190812494944041
224,3,H,OH,0.178345189000,0.002739740000,0.015362006765431,-0.015362006765431,-0.005809187505056,OH,-0.006,-0.005,0.809187505055959,0.190812494944041
