Temperature °C,NT,Stage,Phase,SAT wt%,MONO wt%,DI wt%,POLY wt%,PA wt%,NMP wt%,Trial classification
25.0,1,1,Raffinate,85.96985038,3.60584607,1.97374640,0.92531746,0.62185649,6.90338319,RESEARCH DIAGNOSTIC — NOT ACCEPTED
25.0,1,1,Extract,5.15837231,3.75943049,2.23150260,1.17483702,1.46612115,86.20973644,RESEARCH DIAGNOSTIC — NOT ACCEPTED
25.0,2,1,Raffinate,83.75995534,4.51299847,2.53784254,1.18773240,0.76854406,7.23292719,RESEARCH DIAGNOSTIC — NOT ACCEPTED
25.0,2,1,Extract,5.51356264,4.84504917,2.86414967,1.50175578,1.77954828,83.49593447,RESEARCH DIAGNOSTIC — NOT ACCEPTED
25.0,2,2,Raffinate,89.11085043,2.37093269,1.24672106,0.54452922,0.23025752,6.49670908,RESEARCH DIAGNOSTIC — NOT ACCEPTED
25.0,2,2,Extract,4.73907325,2.39130779,1.42079593,0.69917404,0.55971394,90.18993504,RESEARCH DIAGNOSTIC — NOT ACCEPTED
25.0,3,1,Raffinate,82.75958218,4.92120234,2.80496494,1.30791601,0.81407679,7.39225774,RESEARCH DIAGNOSTIC — NOT ACCEPTED
25.0,3,1,Extract,5.69490780,5.36920847,3.16775909,1.65301822,1.87211047,82.24299596,RESEARCH DIAGNOSTIC — NOT ACCEPTED
25.0,3,2,Raffinate,87.07497200,3.28307595,1.78237925,0.77355393,0.30191291,6.78410595,RESEARCH DIAGNOSTIC — NOT ACCEPTED
25.0,3,2,Extract,5.01993159,3.37603765,2.01994878,0.98571913,0.71979203,87.87857082,RESEARCH DIAGNOSTIC — NOT ACCEPTED
25.0,3,3,Raffinate,90.71797110,1.69972618,0.85392243,0.34553404,0.08750101,6.29534525,RESEARCH DIAGNOSTIC — NOT ACCEPTED
25.0,3,3,Extract,4.54288466,1.69069716,0.97868047,0.44688435,0.21623442,92.12461894,RESEARCH DIAGNOSTIC — NOT ACCEPTED
25.0,4,1,Raffinate,82.20972027,5.14794647,2.95731272,1.37326705,0.82817255,7.48358094,RESEARCH DIAGNOSTIC — NOT ACCEPTED
25.0,4,1,Extract,5.80223173,5.67292207,3.34285767,1.73614261,1.89834162,81.54750429,RESEARCH DIAGNOSTIC — NOT ACCEPTED
25.0,4,2,Raffinate,85.97519798,3.77013983,2.08233845,0.89664439,0.32671515,6.94896420,RESEARCH DIAGNOSTIC — NOT ACCEPTED
25.0,4,2,Extract,5.18504826,3.92225017,2.35489212,1.13886960,0.77134578,86.62759407,RESEARCH DIAGNOSTIC — NOT ACCEPTED
25.0,4,3,Raffinate,89.02501585,2.50909596,1.30031074,0.52042305,0.11767050,6.52748389,RESEARCH DIAGNOSTIC — NOT ACCEPTED
25.0,4,3,Extract,4.76191171,2.53224796,1.48141577,0.66798784,0.28589749,90.27053923,RESEARCH DIAGNOSTIC — NOT ACCEPTED
25.0,4,4,Raffinate,91.65809588,1.28755526,0.61380130,0.22891216,0.03344132,6.17819408,RESEARCH DIAGNOSTIC — NOT ACCEPTED
25.0,4,4,Extract,4.43169087,1.27119833,0.70607770,0.29741075,0.08345042,93.21017192,RESEARCH DIAGNOSTIC — NOT ACCEPTED
25.0,5,1,Raffinate,81.87080539,5.29003159,3.05373566,1.41219397,0.83169870,7.54153469,RESEARCH DIAGNOSTIC — NOT ACCEPTED
25.0,5,1,Extract,5.87179621,5.86855387,3.45461802,1.78611840,1.90304954,81.11586397,RESEARCH DIAGNOSTIC — NOT ACCEPTED
25.0,5,2,Raffinate,85.30368037,4.06813171,2.26998082,0.96957523,0.33511388,7.05351799,RESEARCH DIAGNOSTIC — NOT ACCEPTED
25.0,5,2,Extract,5.29151583,4.26486016,2.56469719,1.22949588,0.78670098,85.86272996,RESEARCH DIAGNOSTIC — NOT ACCEPTED
25.0,5,3,Raffinate,88.00347966,2.99149724,1.57760451,0.62387035,0.12875606,6.67479219,RESEARCH DIAGNOSTIC — NOT ACCEPTED
25.0,5,3,Extract,4.90299748,3.04751648,1.79194266,0.79757019,0.30978081,89.15019238,RESEARCH DIAGNOSTIC — NOT ACCEPTED
25.0,5,4,Raffinate,90.27235775,1.98592013,0.97379185,0.35760655,0.04549278,6.36483094,RESEARCH DIAGNOSTIC — NOT ACCEPTED
25.0,5,4,Extract,4.60467802,1.98338586,1.11398420,0.46144876,0.11190931,91.72459385,RESEARCH DIAGNOSTIC — NOT ACCEPTED
25.0,5,5,Raffinate,92.25981138,1.01326343,0.45531401,0.15574671,0.01276695,6.10309753,RESEARCH DIAGNOSTIC — NOT ACCEPTED
25.0,5,5,Extract,4.36148501,0.99581613,0.52507237,0.20296800,0.03205906,93.88259944,RESEARCH DIAGNOSTIC — NOT ACCEPTED
25.0,6,1,Raffinate,81.64561884,5.38628743,3.11887023,1.43662836,0.83173727,7.58085786,RESEARCH DIAGNOSTIC — NOT ACCEPTED
25.0,6,1,Extract,5.91975534,6.00369449,3.53061707,1.81776224,1.90112733,80.82704354,RESEARCH DIAGNOSTIC — NOT ACCEPTED
25.0,6,2,Raffinate,84.86001283,4.26682424,2.39577933,1.01532388,0.33763700,7.12442271,RESEARCH DIAGNOSTIC — NOT ACCEPTED
25.0,6,2,Extract,5.36459416,4.49734820,2.70561580,1.28633472,0.78977310,85.35633402,RESEARCH DIAGNOSTIC — NOT ACCEPTED
25.0,6,3,Raffinate,87.33348046,3.30770588,1.76257554,0.68878954,0.13277933,6.77466925,RESEARCH DIAGNOSTIC — NOT ACCEPTED
25.0,6,3,Extract,4.99972389,3.39163835,1.99863483,0.87847961,0.31747631,88.41404701,RESEARCH DIAGNOSTIC — NOT ACCEPTED
25.0,6,4,Raffinate,89.37139575,2.43513804,1.21345025,0.43855182,0.05008510,6.49137905,RESEARCH DIAGNOSTIC — NOT ACCEPTED
25.0,6,4,Extract,4.72319685,2.45121930,1.38371976,0.56361241,0.12209957,90.75615212,RESEARCH DIAGNOSTIC — NOT ACCEPTED
25.0,6,5,Raffinate,91.12244104,1.61339267,0.74301113,0.24920712,0.01746397,6.25448406,RESEARCH DIAGNOSTIC — NOT ACCEPTED
25.0,6,5,Extract,4.50025469,1.60062155,0.85260289,0.32282076,0.04332828,92.68037183,RESEARCH DIAGNOSTIC — NOT ACCEPTED
25.0,6,6,Raffinate,92.67047178,0.81997483,0.34515203,0.10780308,0.00485895,6.05173932,RESEARCH DIAGNOSTIC — NOT ACCEPTED
25.0,6,6,Extract,4.31393147,0.80338306,0.39873700,0.14078845,0.01225375,94.33090627,RESEARCH DIAGNOSTIC — NOT ACCEPTED
25.0,7,1,Raffinate,81.48797499,5.45516024,3.16483094,1.45244292,0.83076616,7.60882475,RESEARCH DIAGNOSTIC — NOT ACCEPTED
25.0,7,1,Extract,5.95431715,6.10181957,3.58454684,1.83842768,1.89763469,80.62325407,RESEARCH DIAGNOSTIC — NOT ACCEPTED
25.0,7,2,Raffinate,84.55051667,4.40740356,2.48411368,1.04502899,0.33809486,7.17484224,RESEARCH DIAGNOSTIC — NOT ACCEPTED
25.0,7,2,Extract,5.41704850,4.66400002,2.80474762,1.32324183,0.78891797,85.00204406,RESEARCH DIAGNOSTIC — NOT ACCEPTED
25.0,7,3,Raffinate,86.86830451,3.52877228,1.89201922,0.73105549,0.13417153,6.84567697,RESEARCH DIAGNOSTIC — NOT ACCEPTED
25.0,7,3,Extract,5.06907774,3.63554614,2.14315781,0.93096913,0.31945128,87.90179789,RESEARCH DIAGNOSTIC — NOT ACCEPTED
25.0,7,4,Raffinate,88.74940722,2.74513877,1.38088276,0.49140309,0.05184290,6.58132526,RESEARCH DIAGNOSTIC — NOT ACCEPTED
25.0,7,4,Extract,4.80811914,2.77900451,1.57148949,0.62989071,0.12561730,90.08587885,RESEARCH DIAGNOSTIC — NOT ACCEPTED
25.0,7,5,Raffinate,90.34246112,2.02165583,0.94408087,0.31045814,0.01929710,6.36204694,RESEARCH DIAGNOSTIC — NOT ACCEPTED
25.0,7,5,Extract,4.59961304,2.01917910,1.07996646,0.40062477,0.04749174,91.85312490,RESEARCH DIAGNOSTIC — NOT ACCEPTED
25.0,7,6,Raffinate,91.72991698,1.33744867,0.57471009,0.17531043,0.00666479,6.17594904,RESEARCH DIAGNOSTIC — NOT ACCEPTED
25.0,7,6,Extract,4.42688306,1.32074428,0.66102800,0.22775555,0.01663742,93.34695169,RESEARCH DIAGNOSTIC — NOT ACCEPTED
25.0,7,7,Raffinate,92.96416617,0.67783549,0.26572606,0.07546872,0.00184289,6.01496068,RESEARCH DIAGNOSTIC — NOT ACCEPTED
25.0,7,7,Extract,4.28010183,0.66266820,0.30738106,0.09871481,0.00466193,94.64647218,RESEARCH DIAGNOSTIC — NOT ACCEPTED
25.0,8,1,Raffinate,81.26131228,5.52728825,3.22204714,1.48296814,0.86364086,7.64274333,RESEARCH DIAGNOSTIC — NOT ACCEPTED
25.0,8,1,Extract,6.00050888,6.21461747,3.65206895,1.87796423,1.97052690,80.28431358,RESEARCH DIAGNOSTIC — NOT ACCEPTED
25.0,8,2,Raffinate,84.12414108,4.55389041,2.59352948,1.10217411,0.39099940,7.23526553,RESEARCH DIAGNOSTIC — NOT ACCEPTED
25.0,8,2,Extract,5.48488683,4.84671046,2.92766214,1.39464623,0.90920971,84.43688464,RESEARCH DIAGNOSTIC — NOT ACCEPTED
25.0,8,3,Raffinate,86.25714067,3.75695757,2.05156519,0.81246993,0.19215398,6.92971266,RESEARCH DIAGNOSTIC — NOT ACCEPTED
25.0,8,3,Extract,5.15610558,3.89549002,2.32118262,1.03278587,0.45496576,87.13947015,RESEARCH DIAGNOSTIC — NOT ACCEPTED
25.0,8,4,Raffinate,87.99083298,3.06006502,1.58562009,0.59012624,0.08776390,6.68559177,RESEARCH DIAGNOSTIC — NOT ACCEPTED
25.0,8,4,Extract,4.91025795,3.11892006,1.80076488,0.75431029,0.21112880,89.20461802,RESEARCH DIAGNOSTIC — NOT ACCEPTED
25.0,8,5,Raffinate,89.46014689,2.42072051,1.18473462,0.41457755,0.03805135,6.48176907,RESEARCH DIAGNOSTIC — NOT ACCEPTED
25.0,8,5,Extract,4.71308810,2.43546533,1.35123633,0.53295034,0.09283700,90.87442289,RESEARCH DIAGNOSTIC — NOT ACCEPTED
25.0,8,6,Raffinate,90.75607498,1.81236039,0.83775688,0.27268712,0.01571922,6.30540141,RESEARCH DIAGNOSTIC — NOT ACCEPTED
25.0,8,6,Extract,4.54693269,1.80373771,0.95986337,0.35258019,0.03885032,92.29803572,RESEARCH DIAGNOSTIC — NOT ACCEPTED
25.0,8,7,Raffinate,91.93104789,1.21988825,0.53275566,0.16139961,0.00597943,6.14892917,RESEARCH DIAGNOSTIC — NOT ACCEPTED
25.0,8,7,Extract,4.40235418,1.20246389,0.61336098,0.20992342,0.01495968,93.55693784,RESEARCH DIAGNOSTIC — NOT ACCEPTED
25.0,8,8,Raffinate,93.03110195,0.62706780,0.25869278,0.07539218,0.00184451,6.00590077,RESEARCH DIAGNOSTIC — NOT ACCEPTED
25.0,8,8,Extract,4.27219089,0.61259910,0.29937436,0.09866332,0.00467000,94.71250231,RESEARCH DIAGNOSTIC — NOT ACCEPTED
25.0,9,1,Raffinate,81.09096460,5.58045014,3.26411873,1.50460537,0.89199046,7.66787070,RESEARCH DIAGNOSTIC — NOT ACCEPTED
25.0,9,1,Extract,6.03587239,6.30051897,3.70210927,1.90619193,2.03361620,80.02169124,RESEARCH DIAGNOSTIC — NOT ACCEPTED
25.0,9,2,Raffinate,83.80954476,4.66362586,2.67418151,1.14169611,0.43048234,7.28046941,RESEARCH DIAGNOSTIC — NOT ACCEPTED
25.0,9,2,Extract,5.53637062,4.98589211,3.01851917,1.44406087,0.99853842,84.01661881,RESEARCH DIAGNOSTIC — NOT ACCEPTED
25.0,9,3,Raffinate,85.80727229,3.92939911,2.16930508,0.86768455,0.23316328,6.99317569,RESEARCH DIAGNOSTIC — NOT ACCEPTED
25.0,9,3,Extract,5.22244495,4.09482125,2.45259426,1.10163943,0.54985769,86.57864242,RESEARCH DIAGNOSTIC — NOT ACCEPTED
25.0,9,4,Raffinate,87.42412224,3.29935530,1.73771254,0.65874106,0.11458320,6.76548565,RESEARCH DIAGNOSTIC — NOT ACCEPTED
25.0,9,4,Extract,4.98923570,3.38104666,1.97072915,0.84035705,0.27418982,88.54444161,RESEARCH DIAGNOSTIC — NOT ACCEPTED
25.0,9,5,Raffinate,88.78353851,2.72805110,1.36709768,0.49328087,0.05198565,6.57604619,RESEARCH DIAGNOSTIC — NOT ACCEPTED
25.0,9,5,Extract,4.80320382,2.76089260,1.55596558,0.63238569,0.12600510,90.12154721,RESEARCH DIAGNOSTIC — NOT ACCEPTED
25.0,9,6,Raffinate,89.96920763,2.18921825,1.04574096,0.35619266,0.02751229,6.41212820,RESEARCH DIAGNOSTIC — NOT ACCEPTED
25.0,9,6,Extract,4.64700224,2.19317081,1.19472343,0.45889089,0.06746058,91.43875204,RESEARCH DIAGNOSTIC — NOT ACCEPTED
25.0,9,7,Raffinate,91.05296364,1.66418291,0.76137109,0.24304921,0.01301586,6.26541730,RESEARCH DIAGNOSTIC — NOT ACCEPTED
25.0,9,7,Extract,4.50980550,1.65217857,0.87336317,0.31471257,0.03226710,92.61767309,RESEARCH DIAGNOSTIC — NOT ACCEPTED
25.0,9,8,Raffinate,92.08279077,1.13195621,0.50045179,0.15064008,0.00546068,6.12870047,RESEARCH DIAGNOSTIC — NOT ACCEPTED
25.0,9,8,Extract,4.38400112,1.11428505,0.57659045,0.19609941,0.01368473,93.71533924,RESEARCH DIAGNOSTIC — NOT ACCEPTED
25.0,9,9,Raffinate,93.08483445,0.58839987,0.25092878,0.07531101,0.00184579,5.99868009,RESEARCH DIAGNOSTIC — NOT ACCEPTED
25.0,9,9,Extract,4.26585392,0.57451164,0.29048591,0.09859471,0.00467635,94.76587747,RESEARCH DIAGNOSTIC — NOT ACCEPTED
25.0,10,1,Raffinate,80.95580626,5.62018281,3.29977611,1.52349751,0.91280378,7.68793352,RESEARCH DIAGNOSTIC — NOT ACCEPTED
25.0,10,1,Extract,6.06414653,6.36588022,3.74447632,1.93081038,2.07980118,79.81488537,RESEARCH DIAGNOSTIC — NOT ACCEPTED
25.0,10,2,Raffinate,83.56340078,4.74578439,2.74182332,1.17656220,0.45589705,7.31653226,RESEARCH DIAGNOSTIC — NOT ACCEPTED
25.0,10,2,Extract,5.57743899,5.09109859,3.09487841,1.48775835,1.05550442,83.69332125,RESEARCH DIAGNOSTIC — NOT ACCEPTED
25.0,10,3,Raffinate,85.45364321,4.05918006,2.26663036,0.91698884,0.25962289,7.04393464,RESEARCH DIAGNOSTIC — NOT ACCEPTED
25.0,10,3,Extract,5.27578046,4.24651792,2.56140316,1.16324610,0.61039604,86.14265631,RESEARCH DIAGNOSTIC — NOT ACCEPTED
25.0,10,4,Raffinate,86.96972807,3.48245706,1.86101719,0.72040214,0.13650488,6.82989065,RESEARCH DIAGNOSTIC — NOT ACCEPTED
25.0,10,4,Extract,5.05370643,3.58435198,2.10847754,0.91768541,0.32529648,88.01048216,RESEARCH DIAGNOSTIC — NOT ACCEPTED
25.0,10,5,Raffinate,88.22397213,2.96769239,1.51248031,0.56348311,0.07955152,6.65282055,RESEARCH DIAGNOSTIC — NOT ACCEPTED
25.0,10,5,Extract,4.87820698,3.01881085,1.71870552,0.72084187,0.19178681,89.47164797,RESEARCH DIAGNOSTIC — NOT ACCEPTED
25.0,10,6,Raffinate,89.32986635,2.48863850,1.21088508,0.42956601,0.04112406,6.49992001,RESEARCH DIAGNOSTIC — NOT ACCEPTED
25.0,10,6,Extract,4.73029550,2.50700065,1.38042453,0.55189409,0.10020124,90.73018399,RESEARCH DIAGNOSTIC — NOT ACCEPTED
25.0,10,7,Raffinate,90.33514900,2.02396353,0.94563270,0.31304140,0.01927759,6.36293578,RESEARCH DIAGNOSTIC — NOT ACCEPTED
25.0,10,7,Extract,4.60048211,2.02157706,1.08172036,0.40394781,0.04744067,91.84483199,RESEARCH DIAGNOSTIC — NOT ACCEPTED
25.0,10,8,Raffinate,91.27075683,1.55761953,0.70509146,0.21912969,0.01089500,6.23650749,RESEARCH DIAGNOSTIC — NOT ACCEPTED
25.0,10,8,Extract,4.48295534,1.54365758,0.80950363,0.28404225,0.02706976,92.85277145,RESEARCH DIAGNOSTIC — NOT ACCEPTED
25.0,10,9,Raffinate,92.18736305,1.07380132,0.47672797,0.14212015,0.00505634,6.11493116,RESEARCH DIAGNOSTIC — NOT ACCEPTED
25.0,10,9,Extract,4.37146826,1.05609621,0.54952748,0.18511695,0.01268589,93.82510522,RESEARCH DIAGNOSTIC — NOT ACCEPTED
25.0,10,10,Raffinate,93.11879073,0.56390373,0.24631264,0.07501442,0.00184622,5.99413227,RESEARCH DIAGNOSTIC — NOT ACCEPTED
25.0,10,10,Extract,4.26186880,0.55040493,0.28520245,0.09823026,0.00467940,94.79961417,RESEARCH DIAGNOSTIC — NOT ACCEPTED
50.0,1,1,Raffinate,83.04100994,3.33352517,1.93139498,0.90304387,0.60657060,10.18445546,RESEARCH DIAGNOSTIC — NOT ACCEPTED
50.0,1,1,Extract,7.90862201,4.02138317,2.27243180,1.19645533,1.48150480,83.11960288,RESEARCH DIAGNOSTIC — NOT ACCEPTED
50.0,2,1,Raffinate,81.01088683,4.07986627,2.45102746,1.14396385,0.74049251,10.57376308,RESEARCH DIAGNOSTIC — NOT ACCEPTED
50.0,2,1,Extract,8.44476310,5.12478831,2.89579619,1.51725746,1.78008146,80.23731347,RESEARCH DIAGNOSTIC — NOT ACCEPTED
50.0,2,2,Raffinate,86.43035418,2.02922826,1.19707328,0.51885437,0.21691367,9.60757624,RESEARCH DIAGNOSTIC — NOT ACCEPTED
50.0,2,2,Extract,7.18543035,2.31388674,1.40858446,0.69090689,0.54714982,87.85404174,RESEARCH DIAGNOSTIC — NOT ACCEPTED
50.0,3,1,Raffinate,80.12668398,4.39571800,2.69382293,1.25166692,0.77888277,10.75322540,RESEARCH DIAGNOSTIC — NOT ACCEPTED
50.0,3,1,Extract,8.71026655,5.63315708,3.19232537,1.66284387,1.86121482,78.94019230,RESEARCH DIAGNOSTIC — NOT ACCEPTED
50.0,3,2,Raffinate,84.68307381,2.72026415,1.67422228,0.72019295,0.27769715,9.92454965,RESEARCH DIAGNOSTIC — NOT ACCEPTED
50.0,3,2,Extract,7.55759446,3.18408850,1.96967758,0.95652417,0.68951585,85.64259945,RESEARCH DIAGNOSTIC — NOT ACCEPTED
50.0,3,3,Raffinate,88.14799492,1.33577703,0.79537946,0.31734052,0.07830832,9.32519975,RESEARCH DIAGNOSTIC — NOT ACCEPTED
50.0,3,3,Extract,6.86340003,1.48690535,0.93777697,0.42440049,0.20094245,90.08657471,RESEARCH DIAGNOSTIC — NOT ACCEPTED
50.0,4,1,Raffinate,79.65948849,4.56110792,2.83005921,1.30848961,0.78922950,10.85162526,RESEARCH DIAGNOSTIC — NOT ACCEPTED
50.0,4,1,Extract,8.86096336,5.91151992,3.36044293,1.74049723,1.88059816,78.24597840,RESEARCH DIAGNOSTIC — NOT ACCEPTED
50.0,4,2,Raffinate,83.78056294,3.06660939,1.93493350,0.82449946,0.29687463,10.09652008,RESEARCH DIAGNOSTIC — NOT ACCEPTED
50.0,4,2,Extract,7.76677056,3.64140724,2.27763729,1.09425985,0.73149016,84.48843489,RESEARCH DIAGNOSTIC — NOT ACCEPTED
50.0,4,3,Raffinate,86.77965282,1.90567041,1.18116032,0.46513786,0.10239749,9.56598109,RESEARCH DIAGNOSTIC — NOT ACCEPTED
50.0,4,3,Extract,7.13042488,2.16131206,1.39103892,0.62023406,0.25942577,88.43756432,RESEARCH DIAGNOSTIC — NOT ACCEPTED
50.0,4,4,Raffinate,89.12323961,0.92853614,0.55232814,0.20158962,0.02825378,9.16605270,RESEARCH DIAGNOSTIC — NOT ACCEPTED
50.0,4,4,Extract,6.68908066,1.02043175,0.65217254,0.27034035,0.07320815,91.29476654,RESEARCH DIAGNOSTIC — NOT ACCEPTED
50.0,5,1,Raffinate,79.38281373,4.65897100,2.91466911,1.34117276,0.79096499,10.91140841,RESEARCH DIAGNOSTIC — NOT ACCEPTED
50.0,5,1,Extract,8.95426187,6.08055371,3.46548893,1.78554060,1.88180868,77.83234620,RESEARCH DIAGNOSTIC — NOT ACCEPTED
50.0,5,2,Raffinate,83.25236623,3.26652770,2.09427450,0.88399964,0.30254141,10.20029052,RESEARCH DIAGNOSTIC — NOT ACCEPTED
50.0,5,2,Extract,7.89554603,3.91276712,2.46654849,1.17298305,0.74223497,83.80992034,RESEARCH DIAGNOSTIC — NOT ACCEPTED
50.0,5,3,Raffinate,85.99085505,2.22565572,1.41387932,0.54891577,0.11043290,9.71026124,RESEARCH DIAGNOSTIC — NOT ACCEPTED
50.0,5,3,Extract,7.29404193,2.55254917,1.66463549,0.73096516,0.27780271,87.48000554,RESEARCH DIAGNOSTIC — NOT ACCEPTED
50.0,5,4,Raffinate,88.07097589,1.38476299,0.85328065,0.30580635,0.03730926,9.34786486,RESEARCH DIAGNOSTIC — NOT ACCEPTED
50.0,5,4,Extract,6.88517721,1.54313600,1.00626388,0.40903302,0.09571464,90.06067526,RESEARCH DIAGNOSTIC — NOT ACCEPTED
50.0,5,5,Raffinate,89.72411723,0.67143309,0.39513352,0.13118936,0.01015733,9.06796947,RESEARCH DIAGNOSTIC — NOT ACCEPTED
50.0,5,5,Extract,6.58394300,0.73225238,0.46702497,0.17623971,0.02647512,92.01406482,RESEARCH DIAGNOSTIC — NOT ACCEPTED
50.0,6,1,Raffinate,79.20635093,4.72164693,2.97062248,1.36090210,0.79024935,10.95022821,RESEARCH DIAGNOSTIC — NOT ACCEPTED
50.0,6,1,Extract,9.01557798,6.19059167,3.53522748,1.81293948,1.87835111,77.56731227,RESEARCH DIAGNOSTIC — NOT ACCEPTED
50.0,6,2,Raffinate,82.91777350,3.39260021,2.19858023,0.91984678,0.30380833,10.26739097,RESEARCH DIAGNOSTIC — NOT ACCEPTED
50.0,6,2,Extract,7.97986333,4.08689222,2.59054117,1.22050017,0.74335720,83.37884590,RESEARCH DIAGNOSTIC — NOT ACCEPTED
50.0,6,3,Raffinate,85.49558860,2.42406354,1.56493037,0.59929803,0.11298919,9.80313026,RESEARCH DIAGNOSTIC — NOT ACCEPTED
50.0,6,3,Extract,7.40085046,2.80014412,1.84242127,0.79749700,0.28299634,86.87609081,RESEARCH DIAGNOSTIC — NOT ACCEPTED
50.0,6,4,Raffinate,87.41718770,1.66238441,1.04730355,0.36839504,0.04043346,9.46429584,RESEARCH DIAGNOSTIC — NOT ACCEPTED
50.0,6,4,Extract,7.01271531,1.86897162,1.23438556,0.49205582,0.10310484,89.28876684,RESEARCH DIAGNOSTIC — NOT ACCEPTED
50.0,6,5,Raffinate,88.91471966,1.03473952,0.62728748,0.20353811,0.01347567,9.20623957,RESEARCH DIAGNOSTIC — NOT ACCEPTED
50.0,6,5,Extract,6.73069922,1.14050973,0.74057167,0.27284225,0.03485416,91.08052297,RESEARCH DIAGNOSTIC — NOT ACCEPTED
50.0,6,6,Raffinate,90.11717111,0.50010145,0.28863507,0.08673568,0.00363667,9.00372001,RESEARCH DIAGNOSTIC — NOT ACCEPTED
50.0,6,6,Extract,6.51595358,0.54271322,0.34138127,0.11665697,0.00951559,92.47377937,RESEARCH DIAGNOSTIC — NOT ACCEPTED
50.0,7,1,Raffinate,79.08791846,4.76408053,3.00919740,1.37313911,0.78903835,10.97662616,RESEARCH DIAGNOSTIC — NOT ACCEPTED
50.0,7,1,Extract,9.05764925,6.26590992,3.58344305,1.83007060,1.87435281,77.38857438,RESEARCH DIAGNOSTIC — NOT ACCEPTED
50.0,7,2,Raffinate,82.69413581,3.47707597,2.27001033,0.94214302,0.30372625,10.31290861,RESEARCH DIAGNOSTIC — NOT ACCEPTED
50.0,7,2,Extract,8.03755155,4.20492523,2.67562172,1.25010669,0.74185807,83.08993674,RESEARCH DIAGNOSTIC — NOT ACCEPTED
50.0,7,3,Raffinate,85.16635185,2.55553423,1.66779030,0.63068653,0.11368889,9.86594819,RESEARCH DIAGNOSTIC — NOT ACCEPTED
50.0,7,3,Extract,7.47378106,2.96644853,1.96361616,0.83892926,0.28393732,86.47328767,RESEARCH DIAGNOSTIC — NOT ACCEPTED
50.0,7,4,Raffinate,86.98536367,1.84411976,1.17881842,0.40742617,0.04148242,9.54278956,RESEARCH DIAGNOSTIC — NOT ACCEPTED
50.0,7,4,Extract,7.09959170,2.08568495,1.38901979,0.54373350,0.10536490,88.77660516,RESEARCH DIAGNOSTIC — NOT ACCEPTED
50.0,7,5,Raffinate,88.38404763,1.26942965,0.78408965,0.24869148,0.01464486,9.29909672,RESEARCH DIAGNOSTIC — NOT ACCEPTED
50.0,7,5,Extract,6.83036924,1.40913732,0.92512659,0.33294097,0.03769005,90.46473582,RESEARCH DIAGNOSTIC — NOT ACCEPTED
50.0,7,6,Raffinate,89.49114594,0.79027834,0.46719447,0.13661794,0.00483555,9.10992776,RESEARCH DIAGNOSTIC — NOT ACCEPTED
50.0,7,6,Extract,6.62750655,0.86471165,0.55203316,0.18342463,0.01257663,91.75974737,RESEARCH DIAGNOSTIC — NOT ACCEPTED
50.0,7,7,Raffinate,90.38585547,0.38110805,0.21403614,0.05795312,0.00129717,8.95975004,RESEARCH DIAGNOSTIC — NOT ACCEPTED
50.0,7,7,Extract,6.46980829,0.41219380,0.25327067,0.07800842,0.00340304,92.78331578,RESEARCH DIAGNOSTIC — NOT ACCEPTED
50.0,8,1,Raffinate,78.86111354,4.82483911,3.06955045,1.40514260,0.82045419,11.01890011,RESEARCH DIAGNOSTIC — NOT ACCEPTED
50.0,8,1,Extract,9.12984253,6.38038586,3.65840925,1.87358735,1.94571809,77.01205693,RESEARCH DIAGNOSTIC — NOT ACCEPTED
50.0,8,2,Raffinate,82.28348467,3.59689710,2.38037043,0.99984888,0.35485421,10.38454471,RESEARCH DIAGNOSTIC — NOT ACCEPTED
50.0,8,2,Extract,8.13406338,4.37823092,2.80626228,1.32610855,0.86338070,82.49195417,RESEARCH DIAGNOSTIC — NOT ACCEPTED
50.0,8,3,Raffinate,84.59654061,2.73796340,1.82319703,0.71096153,0.16892396,9.96241347,RESEARCH DIAGNOSTIC — NOT ACCEPTED
50.0,8,3,Extract,7.59149273,3.20297766,2.14593877,0.94465350,0.41953078,85.69540656,RESEARCH DIAGNOSTIC — NOT ACCEPTED
50.0,8,4,Raffinate,86.30853786,2.08797783,1.37069232,0.50094016,0.07313443,9.65871739,RESEARCH DIAGNOSTIC — NOT ACCEPTED
50.0,8,4,Extract,7.23210590,2.38219723,1.61417602,0.66753801,0.18455922,87.91942363,RESEARCH DIAGNOSTIC — NOT ACCEPTED
50.0,8,5,Raffinate,87.63374163,1.56723612,1.00011009,0.34129104,0.03012591,9.42749521,RESEARCH DIAGNOSTIC — NOT ACCEPTED
50.0,8,5,Extract,6.97144146,1.75645111,1.17901668,0.45608395,0.07698114,89.56002565,RESEARCH DIAGNOSTIC — NOT ACCEPTED
50.0,8,6,Raffinate,88.71341603,1.12268589,0.69293336,0.21723459,0.01187044,9.24185969,RESEARCH DIAGNOSTIC — NOT ACCEPTED
50.0,8,6,Extract,6.76860946,1.24068181,0.81788354,0.29106069,0.03064481,90.85111968,RESEARCH DIAGNOSTIC — NOT ACCEPTED
50.0,8,7,Raffinate,89.62002256,0.72861125,0.43374796,0.12533351,0.00432951,9.08795520,RESEARCH DIAGNOSTIC — NOT ACCEPTED
50.0,8,7,Extract,6.60430571,0.79582700,0.51261037,0.16833329,0.01127440,91.90764923,RESEARCH DIAGNOSTIC — NOT ACCEPTED
50.0,8,8,Raffinate,90.41134407,0.36429981,0.20989829,0.05789624,0.00129846,8.95526312,RESEARCH DIAGNOSTIC — NOT ACCEPTED
50.0,8,8,Extract,6.46521302,0.39384007,0.24838530,0.07793780,0.00340729,92.81121653,RESEARCH DIAGNOSTIC — NOT ACCEPTED
50.0,9,1,Raffinate,78.70062384,4.86956033,3.11464525,1.42498340,0.84053238,11.04965480,RESEARCH DIAGNOSTIC — NOT ACCEPTED
50.0,9,1,Extract,9.18293699,6.46551203,3.71467693,1.90081232,1.99111654,76.74494519,RESEARCH DIAGNOSTIC — NOT ACCEPTED
50.0,9,2,Raffinate,81.98681425,3.68567444,2.46231342,1.03671420,0.39108590,10.43739779,RESEARCH DIAGNOSTIC — NOT ACCEPTED
50.0,9,2,Extract,8.20607315,4.50839953,2.90352553,1.37468681,0.94892260,82.05839239,RESEARCH DIAGNOSTIC — NOT ACCEPTED
50.0,9,3,Raffinate,84.17403815,2.87759143,1.93893962,0.76471116,0.20904988,10.03566975,RESEARCH DIAGNOSTIC — NOT ACCEPTED
50.0,9,3,Extract,7.68205665,3.38686278,2.28193611,1.01534523,0.51707412,85.11672511,RESEARCH DIAGNOSTIC — NOT ACCEPTED
50.0,9,4,Raffinate,85.79572724,2.27531486,1.51595408,0.56777033,0.09668540,9.74854809,RESEARCH DIAGNOSTIC — NOT ACCEPTED
50.0,9,4,Extract,7.33608940,2.61393543,1.78469053,0.75583032,0.24281193,87.26664239,RESEARCH DIAGNOSTIC — NOT ACCEPTED
50.0,9,5,Raffinate,87.05205974,1.79648564,1.16813552,0.41257898,0.04161942,9.52912070,RESEARCH DIAGNOSTIC — NOT ACCEPTED
50.0,9,5,Extract,7.08456039,2.02878861,1.37639992,0.55064759,0.10577223,88.85383127,RESEARCH DIAGNOSTIC — NOT ACCEPTED
50.0,9,6,Raffinate,88.06118982,1.39721417,0.87702046,0.28919991,0.02145928,9.35391636,RESEARCH DIAGNOSTIC — NOT ACCEPTED
50.0,9,6,Extract,6.89036356,1.55730653,1.03437330,0.38686140,0.05505760,90.07603760,RESEARCH DIAGNOSTIC — NOT ACCEPTED
50.0,9,7,Raffinate,88.93038078,1.03430603,0.62746830,0.19308478,0.00977811,9.20498200,RESEARCH DIAGNOSTIC — NOT ACCEPTED
50.0,9,7,Extract,6.72891960,1.13993705,0.74082494,0.25884886,0.02529544,91.10617410,RESEARCH DIAGNOSTIC — NOT ACCEPTED
50.0,9,8,Raffinate,89.70416789,0.69335655,0.40794135,0.11671610,0.00394969,9.07386841,RESEARCH DIAGNOSTIC — NOT ACCEPTED
50.0,9,8,Extract,6.58941108,0.75654402,0.48217479,0.15679640,0.01029365,92.00478006,RESEARCH DIAGNOSTIC — NOT ACCEPTED
50.0,9,9,Raffinate,90.42318652,0.35625519,0.20808387,0.05802795,0.00129957,8.95314689,RESEARCH DIAGNOSTIC — NOT ACCEPTED
50.0,9,9,Extract,6.46307524,0.38506218,0.24624335,0.07811792,0.00341061,92.82409071,RESEARCH DIAGNOSTIC — NOT ACCEPTED
50.0,10,1,Raffinate,78.57089418,4.90056729,3.14616257,1.44371805,0.86651291,11.07214500,RESEARCH DIAGNOSTIC — NOT ACCEPTED
50.0,10,1,Extract,9.22382411,6.52726542,3.75398868,1.92624775,2.05053611,76.51813792,RESEARCH DIAGNOSTIC — NOT ACCEPTED
50.0,10,2,Raffinate,81.76902136,3.74899394,2.52103608,1.06923226,0.41536131,10.47635505,RESEARCH DIAGNOSTIC — NOT ACCEPTED
50.0,10,2,Extract,8.25968583,4.60238539,2.97334752,1.41760505,1.00582180,81.74115441,RESEARCH DIAGNOSTIC — NOT ACCEPTED
50.0,10,3,Raffinate,83.87066149,2.97414038,2.02283220,0.80973312,0.23370795,10.08892486,RESEARCH DIAGNOSTIC — NOT ACCEPTED
50.0,10,3,Extract,7.74836398,3.51563037,2.38060531,1.07462238,0.57640492,84.70437304,RESEARCH DIAGNOSTIC — NOT ACCEPTED
50.0,10,4,Raffinate,85.41111604,2.40990181,1.62169532,0.62569242,0.11592626,9.81566814,RESEARCH DIAGNOSTIC — NOT ACCEPTED
50.0,10,4,Extract,7.41504741,2.78290839,1.90880791,0.83233492,0.29007792,86.77082345,RESEARCH DIAGNOSTIC — NOT ACCEPTED
50.0,10,5,Raffinate,86.58460466,1.96738067,1.29266912,0.48125352,0.06602543,9.60806659,RESEARCH DIAGNOSTIC — NOT ACCEPTED
50.0,10,5,Extract,7.17473061,2.23530458,1.52245978,0.64161446,0.16704054,88.25885002,RESEARCH DIAGNOSTIC — NOT ACCEPTED
50.0,10,6,Raffinate,87.54947233,1.60182991,1.01804501,0.35628370,0.03272432,9.44164473,RESEARCH DIAGNOSTIC — NOT ACCEPTED
50.0,10,6,Extract,6.98730737,1.79728927,1.20005776,0.47602624,0.08355394,89.45576543,RESEARCH DIAGNOSTIC — NOT ACCEPTED
50.0,10,7,Raffinate,88.37544867,1.27418267,0.78368461,0.25152701,0.01466585,9.30049118,RESEARCH DIAGNOSTIC — NOT ACCEPTED
50.0,10,7,Extract,6.83192614,1.41462252,0.92464088,0.33673062,0.03774109,90.45433876,RESEARCH DIAGNOSTIC — NOT ACCEPTED
50.0,10,8,Raffinate,89.10315707,0.96245504,0.57709686,0.17336491,0.00813496,9.17579116,RESEARCH DIAGNOSTIC — NOT ACCEPTED
50.0,10,8,Extract,6.69759195,1.05845156,0.68151450,0.23251827,0.02107944,91.30884428,RESEARCH DIAGNOSTIC — NOT ACCEPTED
50.0,10,9,Raffinate,89.78762045,0.65159399,0.38730181,0.11019214,0.00365478,9.05963683,RESEARCH DIAGNOSTIC — NOT ACCEPTED
50.0,10,9,Extract,6.57444660,0.71013692,0.45783773,0.14806648,0.00953271,92.09997957,RESEARCH DIAGNOSTIC — NOT ACCEPTED
50.0,10,10,Raffinate,90.45524174,0.33649910,0.20156541,0.05785370,0.00130039,8.94753965,RESEARCH DIAGNOSTIC — NOT ACCEPTED
50.0,10,10,Extract,6.45734457,0.36351881,0.23854312,0.07789091,0.00341384,92.85928874,RESEARCH DIAGNOSTIC — NOT ACCEPTED
