"metric","count","exact","withinTolerance","outsideTolerance","nullPairs","maxAbs","maxRelative"
"scenario.D","20412","20412","20412","0","0","0","0"
"scenario.hcToD","20412","20412","20412","0","0","0","0"
"scenario.rotorToD","20412","20412","20412","0","0","0","0"
"scenario.freeArea","20412","20412","20412","0","0","0","0"
"scenario.rpm","20412","20412","20412","0","0","0","0"
"scenario.trialStatus","20412","20412","20412","0","0","0","0"
"scenario.rotorRe","20412","20412","20412","0","0","0","0"
"scenario.coefficient","20412","20412","20412","0","0","0","0"
"scenario.interfaceScenario","20412","20412","20412","0","0","0","0"
"scenario.d32M","20412","20412","20412","0","0","0","0"
"scenario.terminalRe","20412","20412","20412","0","0","0","0"
"scenario.terminalSpeedMS","20412","20412","20412","0","0","0","0"
"scenario.signedTerminalVelocityMS","20412","20412","20412","0","0","0","0"
"scenario.characteristicFactor","20412","20412","20412","0","0","0","0"
"scenario.characteristicSpeedMS","20412","20412","20412","0","0","0","0"
"scenario.characteristicRe","20412","20412","20412","0","0","0","0"
"scenario.forceBalanceResidualN","20412","20412","20412","0","0","0","0"
"scenario.floodHoldup","20412","20412","20412","0","0","0","0"
"scenario.capacityMS","20412","20412","20412","0","0","0","0"
"scenario.loading","20412","20412","20412","0","0","0","0"
"scenario.operatingRoots.length","20412","20412","20412","0","0","0","0"
"scenario.operatingHoldup","20412","20412","20412","0","16565","0","0"
"scenario.continuation.length","20412","20412","20412","0","0","0","0"
"scenario.continuation.[].flowFraction","149075","149075","149075","0","0","0","0"
"scenario.continuation.[].holdup","149075","149075","149075","0","0","0","0"
"scenario.operatingSpeeds","16565","16565","16565","0","16565","0","0"
"scenario.signedOperatingVelocities","16565","16565","16565","0","16565","0","0"
"scenario.operatingBalanceResidualMS","20412","20412","20412","0","16565","0","0"
"scenario.interfacialAreaM2M3","20412","20412","20412","0","16565","0","0"
"scenario.branchStatus","20412","20412","20412","0","0","0","0"
"scenario.diagnostics.eotvos","20412","20412","20412","0","0","0","0"
"scenario.diagnostics.ohnesorgeContinuous","20412","20412","20412","0","0","0","0"
"scenario.diagnostics.ohnesorgeDispersed","20412","20412","20412","0","0","0","0"
"scenario.diagnostics.swarmReAtFlood","20412","20412","20412","0","0","0","0"
"scenario.diagnostics.weberTerminal","20412","20412","20412","0","0","0","0"
"scenario.eotvos","20412","20412","20412","0","0","0","0"
"scenario.weberTerminal","20412","20412","20412","0","0","0","0"
"scenario.ohnesorgeContinuous","20412","20412","20412","0","0","0","0"
"scenario.ohnesorgeDispersed","20412","20412","20412","0","0","0","0"
"scenario.swarmReAtFlood","20412","20412","20412","0","0","0","0"
"scenario.swarmReOperating","20412","20412","20412","0","16565","0","0"
"scenario.slipReOperating","20412","20412","20412","0","16565","0","0"
"scenario.operatingRoots.[]","7694","7694","7694","0","0","0","0"
"scenario.operatingSpeeds.slipMS","3847","3847","3847","0","0","0","0"
"scenario.operatingSpeeds.superficialSwarmMS","3847","3847","3847","0","0","0","0"
"scenario.signedOperatingVelocities.continuousMS","3847","3847","3847","0","0","0","0"
"scenario.signedOperatingVelocities.dispersedMS","3847","3847","3847","0","0","0","0"
"scenario.signedOperatingVelocities.dispersedRelativeToContinuousMS","3847","3847","3847","0","0","0","0"
"scientificBasis.composition.rrboFeedWt.diAromatics","1","1","1","0","0","0","0"
"scientificBasis.composition.rrboFeedWt.monoAromatics","1","1","1","0","0","0","0"
"scientificBasis.composition.rrboFeedWt.nmp","1","1","1","0","0","0","0"
"scientificBasis.composition.rrboFeedWt.polarAromatics","1","1","1","0","0","0","0"
"scientificBasis.composition.rrboFeedWt.polyAromatics","1","1","1","0","0","0","0"
"scientificBasis.composition.rrboFeedWt.saturates","1","1","1","0","0","0","0"
"scientificBasis.composition.rrboGrade","1","1","1","0","0","0","0"
"scientificBasis.composition.wetSolventWt.nmp","1","1","1","0","0","0","0"
"scientificBasis.composition.wetSolventWt.water","1","1","1","0","0","0","0"
"scientificBasis.interfacialTensionNM","1","1","1","0","0","0","0"
"scientificBasis.operatingPressure","1","1","1","0","0","0","0"
"scientificBasis.operatingTemperatureC","1","1","1","0","0","0","0"
"scientificBasis.phaseConfiguration","1","1","1","0","0","0","0"
"scientificBasis.rrboFeed.conversion","1","1","1","0","0","0","0"
"scientificBasis.rrboFeed.densityKgM3","1","1","1","0","0","0","0"
"scientificBasis.rrboFeed.dynamicViscosityPaS","1","1","1","0","0","0","0"
"scientificBasis.rrboFeed.flowM3S","1","1","1","0","0","0","0"
"scientificBasis.rrboFeed.identity","1","1","1","0","0","0","0"
"scientificBasis.rrboFeed.valueLph","1","1","1","0","0","0","0"
"scientificBasis.schemaVersion","1","1","1","0","0","0","0"
"scientificBasis.temperatureK","1","1","1","0","0","0","0"
"scientificBasis.wetSolventPhase.conversion","1","1","1","0","0","0","0"
"scientificBasis.wetSolventPhase.densityKgM3","1","1","1","0","0","0","0"
"scientificBasis.wetSolventPhase.dynamicViscosityPaS","1","1","1","0","0","0","0"
"scientificBasis.wetSolventPhase.flowM3S","1","1","1","0","0","0","0"
"scientificBasis.wetSolventPhase.identity","1","1","1","0","0","0","0"
"scientificBasis.wetSolventPhase.solventOilMassRatio","1","1","1","0","0","0","0"
"currentStage1Basis.composition.rrboFeedWt.diAromatics","1","1","1","0","0","0","0"
"currentStage1Basis.composition.rrboFeedWt.monoAromatics","1","1","1","0","0","0","0"
"currentStage1Basis.composition.rrboFeedWt.nmp","1","1","1","0","0","0","0"
"currentStage1Basis.composition.rrboFeedWt.polarAromatics","1","1","1","0","0","0","0"
"currentStage1Basis.composition.rrboFeedWt.polyAromatics","1","1","1","0","0","0","0"
"currentStage1Basis.composition.rrboFeedWt.saturates","1","1","1","0","0","0","0"
"currentStage1Basis.composition.rrboGrade","1","1","1","0","0","0","0"
"currentStage1Basis.composition.wetSolventWt.nmp","1","1","1","0","0","0","0"
"currentStage1Basis.composition.wetSolventWt.water","1","1","1","0","0","0","0"
"currentStage1Basis.interfacialTensionNM","1","1","1","0","0","0","0"
"currentStage1Basis.operatingPressure","1","1","1","0","0","0","0"
"currentStage1Basis.operatingTemperatureC","1","1","1","0","0","0","0"
"currentStage1Basis.phaseConfiguration","1","1","1","0","0","0","0"
"currentStage1Basis.rrboFeed.conversion","1","1","1","0","0","0","0"
"currentStage1Basis.rrboFeed.densityKgM3","1","1","1","0","0","0","0"
"currentStage1Basis.rrboFeed.dynamicViscosityPaS","1","1","1","0","0","0","0"
"currentStage1Basis.rrboFeed.flowM3S","1","1","1","0","0","0","0"
"currentStage1Basis.rrboFeed.identity","1","1","1","0","0","0","0"
"currentStage1Basis.rrboFeed.valueLph","1","1","1","0","0","0","0"
"currentStage1Basis.schemaVersion","1","1","1","0","0","0","0"
"currentStage1Basis.stage1SnapshotHash","1","1","1","0","0","0","0"
"currentStage1Basis.temperatureK","1","1","1","0","0","0","0"
"currentStage1Basis.wetSolventPhase.conversion","1","1","1","0","0","0","0"
"currentStage1Basis.wetSolventPhase.densityKgM3","1","1","1","0","0","0","0"
"currentStage1Basis.wetSolventPhase.dynamicViscosityPaS","1","1","1","0","0","0","0"
"currentStage1Basis.wetSolventPhase.flowM3S","1","1","1","0","0","0","0"
"currentStage1Basis.wetSolventPhase.identity","1","1","1","0","0","0","0"
"currentStage1Basis.wetSolventPhase.solventOilMassRatio","1","1","1","0","0","0","0"
"controls.compareOrientations","1","1","1","0","0","0","0"
"controls.diameterMaxM","1","1","1","0","0","0","0"
"controls.diameterMinM","1","1","1","0","0","0","0"
"controls.diameterStepM","1","1","1","0","0","0","0"
"controls.freeArea.length","1","1","1","0","0","0","0"
"controls.freeArea.[]","3","3","3","0","0","0","0"
"controls.hcToColumn.length","1","1","1","0","0","0","0"
"controls.hcToColumn.[]","3","3","3","0","0","0","0"
"controls.minimumUsefulWindowRpm","1","1","1","0","0","0","0"
"controls.rotorToColumn.length","1","1","1","0","0","0","0"
"controls.rotorToColumn.[]","3","3","3","0","0","0","0"
"controls.rpmMax","1","1","1","0","0","0","0"
"controls.rpmMin","1","1","1","0","0","0","0"
"controls.rpmStep","1","1","1","0","0","0","0"
"trial.actualLoading","3402","3402","3402","0","0","0","0"
"trial.buoyancyDirection","3402","3402","3402","0","0","0","0"
"trial.compartmentHeightM","3402","3402","3402","0","0","0","0"
"trial.d32M","3402","3402","3402","0","0","0","0"
"trial.designFloodFraction","3402","3402","3402","0","0","0","0"
"trial.diameterM","3402","3402","3402","0","0","0","0"
"trial.floodHoldup","3402","3402","3402","0","0","0","0"
"trial.freeArea","3402","3402","3402","0","0","0","0"
"trial.hcToColumn","3402","3402","3402","0","0","0","0"
"trial.holdup","3402","3402","3402","0","3074","0","0"
"trial.hydraulicPass","3402","3402","3402","0","0","0","0"
"trial.interfacialAreaM2M3","3402","3402","3402","0","3074","0","0"
"trial.powerVolumeWM3","3402","3402","3402","0","0","0","0"
"trial.powerW","3402","3402","3402","0","0","0","0"
"trial.psiWKg","3402","3402","3402","0","0","0","0"
"trial.reasons.length","3402","3402","3402","0","0","0","0"
"trial.reasons.[]","6318","6318","6318","0","0","0","0"
"trial.rotorDiameterM","3402","3402","3402","0","0","0","0"
"trial.rotorReynolds","3402","3402","3402","0","0","0","0"
"trial.rotorToColumn","3402","3402","3402","0","0","0","0"
"trial.rpm","3402","3402","3402","0","0","0","0"
"trial.signedForceBalanceResidualN","3402","3402","3402","0","0","0","0"
"trial.sourceDiagnostics.length","3402","3402","3402","0","0","0","0"
"trial.sourceDiagnostics.[]","13608","13608","13608","0","0","0","0"
"trial.status","3402","3402","3402","0","0","0","0"
"trial.tipSpeedMS","3402","3402","3402","0","0","0","0"
"trial.validity","3402","3402","3402","0","0","0","0"
"method.acceptanceRecord","3402","3402","3402","0","0","0","0"
"method.assumptions.length","3402","3402","3402","0","0","0","0"
"method.assumptions.[]","17010","17010","17010","0","0","0","0"
"method.capacityMeaning","3402","3402","3402","0","0","0","0"
"method.compartmentHeightM","3402","3402","3402","0","0","0","0"
"method.diameterM","3402","3402","3402","0","0","0","0"
"method.epsilonWKg","3402","3402","3402","0","0","0","0"
"method.governing.branchStatus","3402","3402","3402","0","0","0","0"
"method.governing.capacityMS","3402","3402","3402","0","0","0","0"
"method.governing.characteristicFactor","3402","3402","3402","0","0","0","0"
"method.governing.characteristicRe","3402","3402","3402","0","0","0","0"
"method.governing.characteristicSpeedMS","3402","3402","3402","0","0","0","0"
"method.governing.coefficient","3402","3402","3402","0","0","0","0"
"method.governing.continuation.length","3402","3402","3402","0","0","0","0"
"method.governing.continuation.[].flowFraction","18252","18252","18252","0","0","0","0"
"method.governing.continuation.[].holdup","18252","18252","18252","0","0","0","0"
"method.governing.d32M","3402","3402","3402","0","0","0","0"
"method.governing.diagnostics.eotvos","3402","3402","3402","0","0","0","0"
"method.governing.diagnostics.ohnesorgeContinuous","3402","3402","3402","0","0","0","0"
"method.governing.diagnostics.ohnesorgeDispersed","3402","3402","3402","0","0","0","0"
"method.governing.diagnostics.swarmReAtFlood","3402","3402","3402","0","0","0","0"
"method.governing.diagnostics.weberTerminal","3402","3402","3402","0","0","0","0"
"method.governing.floodHoldup","3402","3402","3402","0","0","0","0"
"method.governing.forceBalanceResidualN","3402","3402","3402","0","0","0","0"
"method.governing.interfaceScenario","3402","3402","3402","0","0","0","0"
"method.governing.interfacialAreaM2M3","3402","3402","3402","0","3074","0","0"
"method.governing.loading","3402","3402","3402","0","0","0","0"
"method.governing.operatingBalanceResidualMS","3402","3402","3402","0","3074","0","0"
"method.governing.operatingHoldup","3402","3402","3402","0","3074","0","0"
"method.governing.operatingRoots.length","3402","3402","3402","0","0","0","0"
"method.governing.operatingSpeeds","3074","3074","3074","0","3074","0","0"
"method.governing.signedOperatingVelocities","3074","3074","3074","0","3074","0","0"
"method.governing.signedTerminalVelocityMS","3402","3402","3402","0","0","0","0"
"method.governing.terminalRe","3402","3402","3402","0","0","0","0"
"method.governing.terminalSpeedMS","3402","3402","3402","0","0","0","0"
"method.jc","3402","3402","3402","0","0","0","0"
"method.jd","3402","3402","3402","0","0","0","0"
"method.maximumLoading","3402","3402","3402","0","0","0","0"
"method.methodId","3402","3402","3402","0","0","0","0"
"method.numericalPolicy.bisectionIterations","3402","3402","3402","0","0","0","0"
"method.numericalPolicy.capacityRefinementIterations","3402","3402","3402","0","0","0","0"
"method.numericalPolicy.continuationSteps","3402","3402","3402","0","0","0","0"
"method.numericalPolicy.holdupMeshIntervals","3402","3402","3402","0","0","0","0"
"method.numericalPolicy.status","3402","3402","3402","0","0","0","0"
"method.phaseDirection","3402","3402","3402","0","0","0","0"
"method.powerNumber","3402","3402","3402","0","0","0","0"
"method.powerVolumeWM3","3402","3402","3402","0","0","0","0"
"method.powerW","3402","3402","3402","0","0","0","0"
"method.properties.continuous.conversion","3402","3402","3402","0","0","0","0"
"method.properties.continuous.densityKgM3","3402","3402","3402","0","0","0","0"
"method.properties.continuous.dynamicViscosityPaS","3402","3402","3402","0","0","0","0"
"method.properties.continuous.flowM3S","3402","3402","3402","0","0","0","0"
"method.properties.continuous.identity","3402","3402","3402","0","0","0","0"
"method.properties.continuous.valueLph","3402","3402","3402","0","0","0","0"
"method.properties.dispersed.conversion","3402","3402","3402","0","0","0","0"
"method.properties.dispersed.densityKgM3","3402","3402","3402","0","0","0","0"
"method.properties.dispersed.dynamicViscosityPaS","3402","3402","3402","0","0","0","0"
"method.properties.dispersed.flowM3S","3402","3402","3402","0","0","0","0"
"method.properties.dispersed.identity","3402","3402","3402","0","0","0","0"
"method.properties.dispersed.solventOilMassRatio","3402","3402","3402","0","0","0","0"
"method.properties.interfacialTensionNM","3402","3402","3402","0","0","0","0"
"method.properties.temperatureC","3402","3402","3402","0","0","0","0"
"method.propertyQualification","3402","3402","3402","0","0","0","0"
"method.qualification.disengagement","3402","3402","3402","0","0","0","0"
"method.qualification.entrainment","3402","3402","3402","0","0","0","0"
"method.qualification.interfaceMobility","3402","3402","3402","0","0","0","0"
"method.qualification.inversion","3402","3402","3402","0","0","0","0"
"method.qualification.schillerNaumannRange","3402","3402","3402","0","0","0","0"
"method.qualification.sphericalDrop","3402","3402","3402","0","0","0","0"
"method.qualification.turbulence","3402","3402","3402","0","0","0","0"
"method.rotorDiameterM","3402","3402","3402","0","0","0","0"
"method.rotorReynolds","3402","3402","3402","0","0","0","0"
"method.rpm","3402","3402","3402","0","0","0","0"
"method.screeningPass","3402","3402","3402","0","0","0","0"
"method.signedDensityDifferenceKgM3","3402","3402","3402","0","0","0","0"
"method.sourceExtrapolation.compartmentToGartheMaximum","3402","3402","3402","0","0","0","0"
"method.sourceExtrapolation.diameterToGartheMaximum","3402","3402","3402","0","0","0","0"
"method.sourceExtrapolation.rotorToGartheMaximum","3402","3402","3402","0","0","0","0"
"method.sourceExtrapolation.status","3402","3402","3402","0","0","0","0"
"method.sourceExtrapolation.viscosityToKhMaximum","3402","3402","3402","0","0","0","0"
"method.sourcePowerNumber","3402","3402","3402","0","0","0","0"
"method.status","3402","3402","3402","0","0","0","0"
"method.tipSpeedMS","3402","3402","3402","0","0","0","0"
"savedScenario.branchStatus","20412","20412","20412","0","0","0","0"
"savedScenario.capacityMS","20412","20412","20412","0","0","0","0"
"savedScenario.characteristicFactor","20412","20412","20412","0","0","0","0"
"savedScenario.characteristicRe","20412","20412","20412","0","0","0","0"
"savedScenario.characteristicSpeedMS","20412","20412","20412","0","0","0","0"
"savedScenario.coefficient","20412","20412","20412","0","0","0","0"
"savedScenario.continuation.length","20412","20412","20412","0","0","0","0"
"savedScenario.continuation.[].flowFraction","149075","149075","149075","0","0","0","0"
"savedScenario.continuation.[].holdup","149075","149075","149075","0","0","0","0"
"savedScenario.d32M","20412","20412","20412","0","0","0","0"
"savedScenario.diagnostics.eotvos","20412","20412","20412","0","0","0","0"
"savedScenario.diagnostics.ohnesorgeContinuous","20412","20412","20412","0","0","0","0"
"savedScenario.diagnostics.ohnesorgeDispersed","20412","20412","20412","0","0","0","0"
"savedScenario.diagnostics.swarmReAtFlood","20412","20412","20412","0","0","0","0"
"savedScenario.diagnostics.weberTerminal","20412","20412","20412","0","0","0","0"
"savedScenario.floodHoldup","20412","20412","20412","0","0","0","0"
"savedScenario.forceBalanceResidualN","20412","20412","20412","0","0","0","0"
"savedScenario.interfaceScenario","20412","20412","20412","0","0","0","0"
"savedScenario.interfacialAreaM2M3","20412","20412","20412","0","16565","0","0"
"savedScenario.loading","20412","20412","20412","0","0","0","0"
"savedScenario.operatingBalanceResidualMS","20412","20412","20412","0","16565","0","0"
"savedScenario.operatingHoldup","20412","20412","20412","0","16565","0","0"
"savedScenario.operatingRoots.length","20412","20412","20412","0","0","0","0"
"savedScenario.operatingSpeeds","16565","16565","16565","0","16565","0","0"
"savedScenario.signedOperatingVelocities","16565","16565","16565","0","16565","0","0"
"savedScenario.signedTerminalVelocityMS","20412","20412","20412","0","0","0","0"
"savedScenario.terminalRe","20412","20412","20412","0","0","0","0"
"savedScenario.terminalSpeedMS","20412","20412","20412","0","0","0","0"
"savedScenario.operatingRoots.[]","7694","7694","7694","0","0","0","0"
"savedScenario.operatingSpeeds.slipMS","3847","3847","3847","0","0","0","0"
"savedScenario.operatingSpeeds.superficialSwarmMS","3847","3847","3847","0","0","0","0"
"savedScenario.signedOperatingVelocities.continuousMS","3847","3847","3847","0","0","0","0"
"savedScenario.signedOperatingVelocities.dispersedMS","3847","3847","3847","0","0","0","0"
"savedScenario.signedOperatingVelocities.dispersedRelativeToContinuousMS","3847","3847","3847","0","0","0","0"
"governing.minimumCapacity","3402","3402","3402","0","0","0","0"
"governing.firstMinimumLabel","3402","3402","3402","0","0","0","0"
"governing.fullScenario.branchStatus","3402","3402","3402","0","0","0","0"
"governing.fullScenario.capacityMS","3402","3402","3402","0","0","0","0"
"governing.fullScenario.characteristicFactor","3402","3402","3402","0","0","0","0"
"governing.fullScenario.characteristicRe","3402","3402","3402","0","0","0","0"
"governing.fullScenario.characteristicSpeedMS","3402","3402","3402","0","0","0","0"
"governing.fullScenario.coefficient","3402","3402","3402","0","0","0","0"
"governing.fullScenario.continuation.length","3402","3402","3402","0","0","0","0"
"governing.fullScenario.continuation.[].flowFraction","18252","18252","18252","0","0","0","0"
"governing.fullScenario.continuation.[].holdup","18252","18252","18252","0","0","0","0"
"governing.fullScenario.d32M","3402","3402","3402","0","0","0","0"
"governing.fullScenario.diagnostics.eotvos","3402","3402","3402","0","0","0","0"
"governing.fullScenario.diagnostics.ohnesorgeContinuous","3402","3402","3402","0","0","0","0"
"governing.fullScenario.diagnostics.ohnesorgeDispersed","3402","3402","3402","0","0","0","0"
"governing.fullScenario.diagnostics.swarmReAtFlood","3402","3402","3402","0","0","0","0"
"governing.fullScenario.diagnostics.weberTerminal","3402","3402","3402","0","0","0","0"
"governing.fullScenario.floodHoldup","3402","3402","3402","0","0","0","0"
"governing.fullScenario.forceBalanceResidualN","3402","3402","3402","0","0","0","0"
"governing.fullScenario.interfaceScenario","3402","3402","3402","0","0","0","0"
"governing.fullScenario.interfacialAreaM2M3","3402","3402","3402","0","3074","0","0"
"governing.fullScenario.loading","3402","3402","3402","0","0","0","0"
"governing.fullScenario.operatingBalanceResidualMS","3402","3402","3402","0","3074","0","0"
"governing.fullScenario.operatingHoldup","3402","3402","3402","0","3074","0","0"
"governing.fullScenario.operatingRoots.length","3402","3402","3402","0","0","0","0"
"governing.fullScenario.operatingSpeeds","3074","3074","3074","0","3074","0","0"
"governing.fullScenario.signedOperatingVelocities","3074","3074","3074","0","3074","0","0"
"governing.fullScenario.signedTerminalVelocityMS","3402","3402","3402","0","0","0","0"
"governing.fullScenario.terminalRe","3402","3402","3402","0","0","0","0"
"governing.fullScenario.terminalSpeedMS","3402","3402","3402","0","0","0","0"
"governing.trial.d32M","3402","3402","3402","0","0","0","0"
"governing.trial.holdup","3402","3402","3402","0","3074","0","0"
"governing.trial.floodHoldup","3402","3402","3402","0","0","0","0"
"governing.trial.actualLoading","3402","3402","3402","0","0","0","0"
"governing.trial.interfacialAreaM2M3","3402","3402","3402","0","3074","0","0"
"method.governing.operatingRoots.[]","656","656","656","0","0","0","0"
"method.governing.operatingSpeeds.slipMS","328","328","328","0","0","0","0"
"method.governing.operatingSpeeds.superficialSwarmMS","328","328","328","0","0","0","0"
"method.governing.signedOperatingVelocities.continuousMS","328","328","328","0","0","0","0"
"method.governing.signedOperatingVelocities.dispersedMS","328","328","328","0","0","0","0"
"method.governing.signedOperatingVelocities.dispersedRelativeToContinuousMS","328","328","328","0","0","0","0"
"governing.fullScenario.operatingRoots.[]","656","656","656","0","0","0","0"
"governing.fullScenario.operatingSpeeds.slipMS","328","328","328","0","0","0","0"
"governing.fullScenario.operatingSpeeds.superficialSwarmMS","328","328","328","0","0","0","0"
"governing.fullScenario.signedOperatingVelocities.continuousMS","328","328","328","0","0","0","0"
"governing.fullScenario.signedOperatingVelocities.dispersedMS","328","328","328","0","0","0","0"
"governing.fullScenario.signedOperatingVelocities.dispersedRelativeToContinuousMS","328","328","328","0","0","0","0"
"geometry.columnDiameterM","378","378","378","0","0","0","0"
"geometry.compartmentHeightM","378","378","378","0","0","0","0"
"geometry.freeArea","378","378","378","0","0","0","0"
"geometry.hcToColumn","378","378","378","0","0","0","0"
"geometry.rotorDiameterM","378","378","378","0","0","0","0"
"geometry.rotorToColumn","378","378","378","0","0","0","0"
"geometry.feasibleRpms","378","378","378","0","0","0","0"
"geometry.longestGridRun","275","275","275","0","275","0","0"
"geometry.discreteRuns","378","378","378","0","0","0","0"
"geometry.rejectionCounts.ACTUAL_LOADING_EXCEEDS_DESIGN_FLOOD_FRACTION","378","378","378","0","0","0","0"
"geometry.rejectionCounts.NO_DILUTE_CONNECTED_ROOT","378","378","378","0","0","0","0"
"geometry.longestGridRun.edgeMarginRpm","103","103","103","0","0","0","0"
"geometry.longestGridRun.rpmMax","103","103","103","0","0","0","0"
"geometry.longestGridRun.rpmMin","103","103","103","0","0","0","0"
"geometry.longestGridRun.validTrialCount","103","103","103","0","0","0","0"
"geometry.longestGridRun.widthRpm","103","103","103","0","0","0","0"
"diameter.unionFeasibleRpms","14","14","14","0","0","0","0"
